TÍTULO,CLAVE DE REGIÓN HIDROLÓGICA,NOMBRE DE REGIÓN HIDROLÓGICA,ESTADO,NOMBRE DE ESTADO,MUNICIPIO(S),CLAVE DE CUENCA HIDROLÓGICA,NOMBRE DE CUENCA HIDROLÓGICA,VOLUMEN ANUAL EN m3 ,FUENTE,AFLUENTE,NÚMERO DE ANEXO
08AGS400101/12ATGC99,12,LERMA-SANTIAGO,1,AGUASCALIENTES,"PABELLÓN DE ARTEGA, RINCON DE ROMOS Y TEPETZALA",189,RÍO SAN PEDRO,43296000.00,PRESA DE ALMACENAMIENTO PLUTARCO ELÍAS CALLES,"RÍOS AGUASCALIENTES, SANTIAGO Y PABELLÓN",1
01BCA401413/07ATGC00,7,RÍO COLORADO,2,BAJA CALIFORNIA,MEXICALI,85,RÍO COLORADO,67349000.00,PRESA DERIVADORA MORELOS,RIO COLORADO,1
01BCA401404/07ATGC00,7,RÍO COLORADO,2,BAJA CALIFORNIA,MEXICALI,85,RÍO COLORADO,85337000.00,PRESA DERIVADORA MORELOS,RIO COLORADO,1
01BCA401405/07ATGC00,7,RÍO COLORADO,2,BAJA CALIFORNIA,MEXICALI,85,RÍO COLORADO,82862000.00,PRESA DERIVADORA MORELOS,RIO COLORADO,1
01BCA401412/07ATGC00,7,RÍO COLORADO,2,BAJA CALIFORNIA,MEXICALI,85,RÍO COLORADO,85235000.00,PRESA DERIVADORA MORELOS,RIO COLORADO,1
01BCA401418/07ATGC00,7,RÍO COLORADO,2,BAJA CALIFORNIA,MEXICALI,85,RÍO COLORADO,70005000.00,PRESA DERIVADORA MORELOS,RIO COLORADO,1
01BCA401401/07ATGC00,7,RÍO COLORADO,26,SONORA,SAN LUIS RIO COLORADO,85,RÍO COLORADO,84763000.00,PRESA DERIVADORA MORELOS,RÍO COLORADO,1
01BCA401402/07ATGC00,7,RÍO COLORADO,26,SONORA,SAN LUIS RIO COLORADO,85,RÍO COLORADO,43717000.00,PRESA DERIVADORA MORELOS,RIO COLORADO,1
01BCA401403/07ATGC00,7,RÍO COLORADO,26,SONORA,SAN LUIS RIO COLORADO,85,RÍO COLORADO,75436000.00,PRESA DERIVADORA MORELOS,RIO COLORADO,1
01BCA401406/07ATGC00,7,RÍO COLORADO,2,BAJA CALIFORNIA,MEXICALI,85,RÍO COLORADO,52952000.00,PRESA DERIVADORA MORELOS,RIO COLORADO,1
01BCA401407/07ATGC00,7,RÍO COLORADO,2,BAJA CALIFORNIA,MEXICALI,85,RÍO COLORADO,61978000.00,PRESA DERIVADORA MORELOS,RIO COLORADO,1
01BCA401422/07ATGC00,7,RÍO COLORADO,2,BAJA CALIFORNIA,MEXICALI,85,RÍO COLORADO,44323000.00,PRESA DERIVADORA MORELOS,RIO COLORADO,1
01BCA401414/07ATGC00,7,RÍO COLORADO,2,BAJA CALIFORNIA,MEXICALI,85,RÍO COLORADO,77223000.00,PRESA DERIVADORA MORELOS,RIO COLORADO,1
01BCA401419/07ATGC00,7,RÍO COLORADO,2,BAJA CALIFORNIA,MEXICALI,85,RÍO COLORADO,75660000.00,PRESA DERIVADORA MORELOS,RIO COLORADO,1
01BCA401415/07ATGC00,7,RÍO COLORADO,2,BAJA CALIFORNIA,MEXICALI,85,RÍO COLORADO,87917000.00,PRESA DERIVADORA MORELOS,RIO COLORADO,1
01BCA401416/07ATGC00,7,RÍO COLORADO,2,BAJA CALIFORNIA,MEXICALI,85,RÍO COLORADO,58222000.00,PRESA DERIVADORA MORELOS,RIO COLORADO,1
01BCA401408/07ATGC00,7,RÍO COLORADO,2,BAJA CALIFORNIA,MEXICALI,85,RÍO COLORADO,75908000.00,PRESA DERIVADORA MORELOS,RIO COLORADO,1
01BCA401417/07ATGC00,7,RÍO COLORADO,2,BAJA CALIFORNIA,MEXICALI,85,RÍO COLORADO,81261000.00,PRESA DERIVADORA MORELOS,RIO COLORADO,1
01BCA401421/07ATGC00,7,RÍO COLORADO,2,BAJA CALIFORNIA,MEXICALI,85,RÍO COLORADO,59101000.00,PRESA DERIVADORA MORELOS,RIO COLORADO,1
01BCA401410/07ATGC00,7,RÍO COLORADO,2,BAJA CALIFORNIA,MEXICALI,85,RÍO COLORADO,117460000.00,PRESA DERIVADORA MORELOS,RÍO COLORADO,1
01BCA401420/07ATGC00,7,RÍO COLORADO,2,BAJA CALIFORNIA,MEXICALI,85,RÍO COLORADO,46523000.00,PRESA DERIVADORA MORELOS,RIO COLORADO,1
01BCA401423/07ATGC00,7,RÍO COLORADO,2,BAJA CALIFORNIA,MEXICALI,85,RÍO COLORADO,59081000.00,PRESA DERIVADORA MORELOS,RIO COLORADO,1
01BCA401424/07ATGC00,7,RÍO COLORADO,2,BAJA CALIFORNIA,MEXICALI,85,RÍO COLORADO,59586000.00,PRESA DERIVADORA MORELOS,RIO COLORADO,1
01BCA401411/07ATGC00,7,RÍO COLORADO,2,BAJA CALIFORNIA,MEXICALI,85,RÍO COLORADO,83312000.00,PRESA DERIVADORA MORELOS,RIO COLORADO,1
07COA401719/36ATDA12,36,NAZAS-AGUANAVAL,5,COAHUILA DE ZARAGOZA,"SIMON BOLIVAR Y LERDO EN DURANGO, Y TORREON,COAHUILA  DE ZARAGOZA",748,NAZARENO,18063000.00,DERIVACIONES DIRECTAS DEL RIO AGUANAVAL,RIO AGUANAVAL,1
07COA401720/36ATDA12,36,NAZAS-AGUANAVAL,5,COAHUILA DE ZARAGOZA,MATAMOROS Y VIESCA,748,NAZARENO,17024000.00,DERIVACIONES DIRECTAS DEL RIO AGUANAVAL,RIO AGUANAVAL,1
06COA400401/24ATGC17,24,BRAVO-CONCHOS,5,COAHUILA DE ZARAGOZA,JUÁREZ,431,RÍO SALADO,7646650.00,PRESA VENUSTIANO CARRANZA,RÍO SALADO,1
08COL405308/16ATGC04,16,ARMERÍA-COAHUAYANA,16,MICHOACÁN DE OCAMPO,COAHUAYANA,263,COAHUAYANA 2,175093000.00,SISTEMA RÍO COAHUAYANA- PRESA TROJES,RÍO COAHUAYANA,1
08COL405301/16ATGC99,16,ARMERÍA-COAHUAYANA,6,COLIMA,"COLIMA, COQUIMATLÁN, VILLA DE ÁLVAREZ Y COMALA",259,ARMERÍA,90540000.00,PRESA BASILIO VADILLO,RÍO ARMERÍA,1
08COL405301/16ATGC99,16,ARMERÍA-COAHUAYANA,6,COLIMA,"COLIMA, COQUIMATLÁN, VILLA DE ÁLVAREZ Y COMALA",259,ARMERÍA,265690000.00,RÍO ARMERÍA (PRESA DERIVADORA PEÑITAS),RÍO ARMERÍA,2
08COL405302/16ATGC99,16,ARMERÍA-COAHUAYANA,6,COLIMA,COQUIMATLÁN,259,ARMERÍA,48160000.00,RÍO ARMERÍA,RÍO ARMERÍA,1
08COL405303/16ATGC99,16,ARMERÍA-COAHUAYANA,6,COLIMA,TECOMÁN,259,ARMERÍA,114500000.00,RÍO ARMERÍA,RÍO ARMERÍA,1
08COL405304/16ATGC00,16,ARMERÍA-COAHUAYANA,6,COLIMA,TECOMÁN,263,COAHUAYANA 2,146259000.00,SISTEMA RÍO COAHUAYANA - PRESA TROJES,RÍO COAHUAYANA,1
08COL405305/15ATGC00,15,COSTA DE JALISCO,6,COLIMA,MANZANILLO,252,RÍO MARABASCO A,20310000.00,RÍO MARABASCO,RÍO CIHUATLÁN,1
11CHS404602/23ATGC00,23,COSTA DE CHIAPAS,7,CHIAPAS,CACAHOATÁN Y TUXTLA CHICO,403,SUCHIATE,2734000.00,DERIVACIÓN DEL RÍO (PRESA DERIVADORA 11 DE ABRIL),RÍO SUCHIATE,1
11CHS405902/30ATGC00,30,GRIJALVA-USUMACINTA,7,CHIAPAS,SOCOLTENANGO,618,AGUACATENCO,26609000.00,DERIVACIÓN DEL RÍO SAN VICENTE (PRESA DERIVADORA),RÍO SAN VICENTE,1
11CHS405901/30ATGR06,30,GRIJALVA-USUMACINTA,7,CHIAPAS,"LAS ROSAS, Y VENUSTIANO CARRANZA",618,AGUACATENCO,48846000.00,DERIVACIÓN DEL RÍO SALADO (PRESA DERIVADORA),RÍO SALADO,1
11CHS410701/30ATGR06,30,GRIJALVA-USUMACINTA,7,CHIAPAS,FRONTERA - COMALAPA,615,SELEGUA,57766000.00,DERIVACIÓN DEL RÍO SELEGUA (PRESA DERIVADORA SELEGUA),RÍO SELEGUA,1
11CHS410702/30ATGR06,30,GRIJALVA-USUMACINTA,7,CHIAPAS,LA TRINITARIA,615,SELEGUA,25966000.00,DERIVACIÓN DEL RÍO LAGARTERO (PRESA DERIVADORA LAGARTERO),RÍO LAGARTERO,1
11CHS410101/30ITDA10,30,GRIJALVA-USUMACINTA,7,CHIAPAS,LA CONCORDIA,617,LA CONCORDIA,86600000.00,"PRESA DE ALMACENAMIENTO ""JUAN SABINES GUTIÉRREZ"" (EL PORTILLO)",RIO CUXTEPEQUES,1
11CHS404601/23ATGC00,23,COSTA DE CHIAPAS,7,CHIAPAS,SUCHIATE,403,SUCHIATE,100268000.00,DERIVACIÓN DEL RÍO (BARRAJE DE ROCA),NO APLICA,1
11CHS405903/30ATGR06,30,GRIJALVA-USUMACINTA,7,CHIAPAS,TZIMOL,618,AGUACATENCO,12257000.00,DERIVACIÓN DEL RÍO SAN VICENTE (PRESA DERIVADORA),RÍO SAN VICENTE,1
06CHI404201/34ATGC00,34,CUENCAS CERRADAS DEL NORTE,8,CHIHUAHUA,BUENAVENTURA Y NAMIQUIPA,710,RÍO SANTA MARÍA 1,61321000.00,PRESA EL TINTERO Y APORTACIONES AGUAS ABAJO DE LA MISMA,RÍO SANTA MARÍA,1
06CHI400902/24ATGC01,24,BRAVO-CONCHOS,8,CHIHUAHUA,JUÁREZ,415,RÍO BRAVO 1,2218000.00,RÍO BRAVO (DERIVADORA INTERNACIONAL),RÍO BRAVO,1
06CHI400903/24ATGC01,24,BRAVO-CONCHOS,8,CHIHUAHUA,JUÁREZ,415,RÍO BRAVO 1,5142000.00,RÍO BRAVO (DERIVADORA INTERNACIONAL),RÍO BRAVO,1
02CHI408302/09ATGC08,9,SONORA SUR,8,CHIHUAHUA,GUERRERO,103,RÍO YAQUI 1,3732000.00,PRESA DE ALMACENAMIENTO ABRAHAM GONZÁLEZ,RÍO YAQUI,1
02CHI408303/09ATGC08,9,SONORA SUR,8,CHIHUAHUA,MATACHÍ,103,RÍO YAQUI 1,4064000.00,PRESA DE ALMACENAMIENTO ABRAHAM GONZÁLEZ,RÍO YAQUI,1
02CHI408304/09ATGC08,9,SONORA SUR,8,CHIHUAHUA,TEMÓSACHIC,103,RÍO YAQUI 1,3555000.00,PRESA DE ALMACENAMIENTO ABRAHAM GONZÁLEZ,RÍO YAQUI,1
06CHI409002/24ATGC09,24,BRAVO-CONCHOS,8,CHIHUAHUA,OJINAGA,414,RÍO CONCHOS 4,786490.00,PRESA DE ALMACENAMIENTO LUIS L. LEÓN,RÍO CONCHOS,1
06CHI409003/24ATGC09,24,BRAVO-CONCHOS,8,CHIHUAHUA,OJINAGA,414,RÍO CONCHOS 4,10349180.00,PRESA DE ALMACENAMIENTO LUIS L. LEÓN (PRESA DERIVADORA ING. FERNANDO FOGLIO M).,RÍO BRAVO,1
06CHI409004/24ATGC09,24,BRAVO-CONCHOS,8,CHIHUAHUA,OJINAGA,414,RÍO CONCHOS 4,15606740.00,PRESA DE ALMACENAMIENTO LUIS L. LEÓN  (PRESA DERIVADORA ING. FERNANDO FOGLIO M.),RÍO BRAVO,1
06CHI409005/24ATGC09,24,BRAVO-CONCHOS,8,CHIHUAHUA,OJINAGA,414,RÍO CONCHOS 4,25730680.00,PRESA DE ALMACENAMIENTO LUIS L. LEÓN (PRESA DERIVADORA TARAHUMARA),RÍO BRAVO,1
06CHI409001/24ATGC10,24,BRAVO-CONCHOS,8,CHIHUAHUA,OJINAGA,414,RÍO CONCHOS 4,11168210.00,PRESA DE ALMACENAMIENTO LUIS L. LEÓN (PRESA DERIVADORA TARAHUMARA),RÍO BRAVO,1
06CHI410301/24ATGC00,24,BRAVO-CONCHOS,10,DURANGO,VILLA OCAMPO,405,RÍO FLORIDO 2,12759700.00,PRESAS SAN GABRIEL Y PICO DE ÁGUILA,RÍO CONCHOS,1
06CHI410302/24ATGC00,24,BRAVO-CONCHOS,8,CHIHUAHUA,VILLA CORONADO Y VILLA LÓPEZ,406,RÍO FLORIDO 3,83786600.00,PRESAS SAN GABRIEL Y PICO DE ÁGUILA,RÍO FLORIDO,1
06CHI410302/24ATGC00,24,BRAVO-CONCHOS,8,CHIHUAHUA,VILLA CORONADO Y VILLA LÓPEZ,406,RÍO FLORIDO 3,8551000.00,PRESA DERIVADORA DE ARREOLA,RÍO FLORIDO,2
02CHI408301/09ATGC00,9,SONORA SUR,8,CHIHUAHUA,GUERRERO,103,RÍO YAQUI 1,26454000.00,PRESA ABRAHAM GONZÁLEZ,RIO YAQUI,1
06CHI408904/34ATDL16,34,CUENCAS CERRADAS DEL NORTE,8,CHIHUAHUA,BUENAVENTURA,715,RÍO DEL CARMEN 1,32375700.00,PRESA DE ALMACENAMIENTO LAS LAJAS; PRESA DERIVADORA SAN ISIDRO ( RIO EL CARMEN ),RÍO EL CARMEN,1
06CHI408901/34ATDL16,34,CUENCAS CERRADAS DEL NORTE,8,CHIHUAHUA,BUENAVENTURA,715,RÍO DEL CARMEN 1,24724300.00,PRESA DE ALMACENAMIENTO LAS LAJAS; PRESA DERIVADORA SAN ISIDRO (RÍO EL CARMEN),RÍO EL CARMEN,1
06CHI400501/24ATGC18,24,BRAVO-CONCHOS,8,CHIHUAHUA,CAMARGO Y LA CRUZ,411,RÍO CONCHOS 2,57249000.00,PRESAS LA BOQUILLA Y FRANCISCO I. MADERO,RÍO BRAVO,1
06CHI400502/24ATGC18,24,BRAVO-CONCHOS,8,CHIHUAHUA,"CAMARGO, SAUCILLO Y DELICIAS",411,RÍO CONCHOS 2,74198000.00,PRESAS DE ALMACENAMIENTO LA BOQUILLA Y FRANCISCO Y MADERO,RÍO BRAVO,1
06CHI400503/24ATGC18,24,BRAVO-CONCHOS,8,CHIHUAHUA,"SAUCILLO, DELICIAS Y MEOQUI",411,RÍO CONCHOS 2,70337000.00,PRESAS LA BOQUILLA Y FRANCISCO I. MADERO,RÍO BRAVO,1
06CHI400504/24ATGC18,24,BRAVO-CONCHOS,8,CHIHUAHUA,DELICIAS Y MEOQUI,411,RÍO CONCHOS 2,94630000.00,PRESAS LA BOQUILLA Y FRANCISCO I. MADERO,RÍO BRAVO,1
06CHI400505/24ATGC18,24,BRAVO-CONCHOS,8,CHIHUAHUA,"DELICIAS, ROSALES Y MEOQUI",411,RÍO CONCHOS 2,130882000.00,PRESAS LA BOQUILLA Y FRANCISCO I. MADERO,RÍO BRAVO,1
06CHI400506/24ATGC18,24,BRAVO-CONCHOS,8,CHIHUAHUA,ROSALES Y MEOQUI,411,RÍO CONCHOS 2,57061000.00,PRESAS LA BOQUILLA Y FRANCISCO I. MADERO,RÍO BRAVO,1
06CHI400509/24ATGC18,24,BRAVO-CONCHOS,8,CHIHUAHUA,MEOQUI,411,RÍO CONCHOS 2,63087000.00,PRESAS LA BOQUILLA Y FRANCISCO I. MADERO,RÍO BRAVO,1
06CHI400508/24ATGC18,24,BRAVO-CONCHOS,8,CHIHUAHUA,ROSALES,411,RÍO CONCHOS 2,52201000.00,PRESAS LA BOQUILLA Y FRANCISCO I. MADERO,RÍO BRAVO,1
06CHI400507/24ATGC19,24,BRAVO-CONCHOS,8,CHIHUAHUA,"MEOQUI, JULIMES Y ROSALES",411,RÍO CONCHOS 2,204243000.00,PRESAS LA BOQUILLA Y FRANCISCO I. MADERO,RÍO BRAVO,1
07DGO401702/36ATGC00,36,NAZAS-AGUANAVAL,10,DURANGO,"NAZAS, DURANGO",737,AGUSTÍN MELGAR,42446000.00,PRESAS DE ALMACENAMIENTO LÁZARO CÁRDENAS Y FRANCISCO ZARCO,RÍO NAZAS,1
07DGO401701/36ATDA12,36,NAZAS-AGUANAVAL,10,DURANGO,RODEO,737,AGUSTÍN MELGAR,25121000.00,PRESAS DE ALMACENAMIENTO LAZARO CARDENAS Y FRANCISCO ZARCO,RIO NAZAS,1
07DGO401718/36ATDA12,36,NAZAS-AGUANAVAL,10,DURANGO,"SAN JUAN DE GUADALUPE, DGO. Y VIESCA COAHUILA",747,PRESA LA FLOR,12716000.00,DERIVACIONES DIRECTAS DEL RIO AGUANAVAL,RIO AGUANAVAL,1
03DGO405201/11ATGC00,11,PRESIDIO-SAN PEDRO,10,DURANGO,POANAS,152,RÍO POANAS,9177000.00,PRESA DE ALMACENAMIENTO FRANCISCO VILLA,RIO POANAS,1
03DGO405202/11ATGC00,11,PRESIDIO-SAN PEDRO,10,DURANGO,POANAS,152,RÍO POANAS,24794000.00,PRESA DE ALMACENAMIENTO FRANCISCO VILLA,RÍO POANAS,1
03DGO405203/11ATDL15,11,PRESIDIO-SAN PEDRO,10,DURANGO,DURANGO,151,RÍO DURANGO,46259000.00,PRESA DE ALMACENAMIENTO GUADALUPE VICTORIA,RÍO EL TUNAL,1
03DGO405204/11ATGC00,11,PRESIDIO-SAN PEDRO,10,DURANGO,DURANGO,151,RÍO DURANGO,14354000.00,PRESA DE ALMACENAMIENTO PEÑA DEL AGUILA,RÍO LA SAUCEDA,1
03DGO405205/11ATGC00,11,PRESIDIO-SAN PEDRO,10,DURANGO,DURANGO,150,RÍO SANTIAGO BAYACORA,22799000.00,PRESA DE ALMACENAMIENTO SANTIAGO BAYACORA,RÍO SANTIAGO BAYACORA,1
08GUA401101/12ATGC00,12,LERMA-SANTIAGO,11,GUANAJUATO,ACÁMBARO,0,,75950000.00,"SISTEMA DE PRESAS TEPUXTEPEC- SOLÍS-LAGUNA DE YURIRIA, CANAL SAN CRISTÓBAL",RÍO LERMA,1
08GUA401103/12ATGC00,12,LERMA-SANTIAGO,11,GUANAJUATO,JARAL Y CORTÁZAR,0,,48880000.00,SISTEMA DE PRESAS TEPUXTEPEC-SOLÍS-LAGUNA DE YURIRIA,RÍO LERMA,1
08GUA401104/12ATGC00,12,LERMA-SANTIAGO,11,GUANAJUATO,"VALLE, SALAMANCA Y JARAL",0,,100320000.00,"SISTEMA DE PRESAS TEPUXTEPEC-SOLÍS-LAGUNA DE YURIRIA, PRESA DERIVADORA LOMO DE TORO",RÍO LERMA,1
08GUA401107/12ATGC00,12,LERMA-SANTIAGO,11,GUANAJUATO,"IRAPUATO, SALAMANCA Y PUEBLO NUEVO",0,,46450000.00,"SISTEMA DE PRESAS TEPUXTEPEC-SOLÍS-LAGUNA DE YURIRIA, PRESA DERIVADORA LOMO DE TORO",RÍO LERMA,1
08GUA401109/12ATGC00,12,LERMA-SANTIAGO,11,GUANAJUATO,"HUANÍMARO, ABASOLO Y PÉNJAMO",0,,29340000.00,SISTEMA DE PRESAS TEPUXTEPEC-SOLÍS-LAGUNA DE YURIRIA,RÍO LERMA,1
08GUA401110/12ATGC00,12,LERMA-SANTIAGO,11,GUANAJUATO,PÉNJAMO,0,,7490000.00,SISTEMA DE PRESAS TEPUXTEPEC-SOLÍS-LAGUNA DE YURIRIA,RÍO TURBIO,1
08GUA100202/12ATGC00,12,LERMA-SANTIAGO,11,GUANAJUATO,COMONFORT,0,,2240000.00,PRESA NEUTLA (ISIDRO G. OROZCO PORTUGAL),ARROYO NEUTLA,1
08GUA100204/12ATGC00,12,LERMA-SANTIAGO,11,GUANAJUATO,CELAYA,0,,22320000.00,PRESA DE ALMACENAMIENTO IGNACIO ALLENDE,RIO LAJA,1
08GUA401105/12ATGC00,12,LERMA-SANTIAGO,11,GUANAJUATO,"CORTAZAR, VILLAGRAN Y SALAMANCA",0,,137270000.00,"SISTEMA DE PRESAS TEPUXTEPEC-SOLIS-LAGUNA DE YURIRA, PRESA DERIVADORA LOMO DE TORO",RIO LERMA,1
08GUA401111/12ATGC00,12,LERMA-SANTIAGO,11,GUANAJUATO,IRAPUATO Y GUANAJUATO,0,,25200000.00,PRESA LA PURÍSIMA,RÍO GUANAJUATO,1
08GUA100203/12ATGC00,12,LERMA-SANTIAGO,11,GUANAJUATO,COMONFORT,0,,8300000.00,PRESA DE ALMACENAMIENTO IGNACIO ALLENDE,RIO LAJA,1
08GUA100205/12ATGC00,12,LERMA-SANTIAGO,11,GUANAJUATO,CELAYA,0,,69830000.00,PRESA DE ALMACENAMIENTO IGNACIO ALLENDE,RIO LAJA,1
08GUA401108/12ATGC00,12,LERMA-SANTIAGO,11,GUANAJUATO,"ABASOLO, PUEBLO NUEVO E IRAPUATO",0,,109050000.00,SISTEMA DE PRESAS TEPUXTEPEC-SOLÍS-LAGUNA DE YURIRIA,RÍO LERMA,1
08GUA401102/12ATGC00,12,LERMA-SANTIAGO,11,GUANAJUATO,"SALVATIERRA, ACÁMBARO, SANTIAGO MARAVATÍO, YURIRIA Y TARÍMORO",0,,130470000.00,SISTEMA DE PRESAS TEPUXTEPEC-SOLÍS-LAGUNA DE YURIRIA; PRESAS DERIVADORAS: CHAMÁCUARO Y REFORMA,RÍO LERMA,1
08GUA401106/12ATGC00,12,LERMA-SANTIAGO,11,GUANAJUATO,SALAMANCA E IRAPUATO,0,,111050000.00,"SISTEMA DE PRESAS TEPUXTEPEC-SOLÍS-LAGUNA DE YURIRIA, PRESA DERIVADORA SANTA JULIA",RÍO LERMA,1
04GRO405701/18ATGC00,18,BALSAS,12,GUERRERO,"CUTZAMALA DE PINZÓN, PUNGARABATO Y SAN LUCAS",277,RÍO MEDIO BALSAS,160590000.00,PRESA EL GALLO,RÍO CUTZAMALA,1
04GRO405702/18ATGC00,18,BALSAS,12,GUERRERO,"ARCELIA, TLALCHAPA, SAN MIGUEL TOTOLAPAN, AJUCHITLAN DEL PROGRESO, TLAPEHUALA Y TLA TLAYA",277,RÍO MEDIO BALSAS,158320000.00,PRESA VICENTE GUERRERO,RÍO POLIUTLA,1
04GRO405703/18ATGC00,18,BALSAS,12,GUERRERO,AJUCHITLAN DEL PROGRESO Y COYUCA DE CATALAN,277,RÍO MEDIO BALSAS,55190000.00,PRESA ANDRES FIGUEROA,RÍO LAS GARZAS,1
04GRO405703/18ATGC00,18,BALSAS,12,GUERRERO,AJUCHITLAN DEL PROGRESO Y COYUTLA DE CATALAN,277,RÍO MEDIO BALSAS,12660000.00,DERIVADORA AMUCO,RÍO AMUCO,2
04GRO405704/18ATGC00,18,BALSAS,12,GUERRERO,ZIRÁNDARO DE LOS CHÁVEZ,281,RÍO BAJO BALSAS,19500000.00,PRESA LA CALERA,RÍO EL ORO,1
05GRO409501/20ATGC00,20,COSTA CHICA DE GUERRERO,12,GUERRERO,"ATOYAC DE ALVAREZ, BENITO JUÁREZ Y TECPAN DE GALEANA.",305,RÍO ATOYAC 1,28451000.00,DERIVACIÓN DEL RÍO ATOYAC (PRESA DERIVADORA JUAN N. ÁLVAREZ),RÍO ATOYAC,1
05GRO410401/20ATGC00,20,COSTA CHICA DE GUERRERO,12,GUERRERO,CUAJINICUILAPA,334,RÍO CORTIJOS 4,6906000.00,DERIVACIÓN DEL RÍO CORTIJOS,RÍO CORTIJOS,1
05GRO410501/20ATGC00,20,COSTA CHICA DE GUERRERO,12,GUERRERO,"SAN MARCOS, TECOANAPA, FLORENCIO VILLARREAL Y CUAUHTEPEC",320,RÍO NEXPA 1,48798000.00,PRESA DE ALMACENAMIENTO REVOLUCIÓN MEXICANA (EL GUINEO),RÍO NEXPA,1
04GRO409801/18ATGC00,18,BALSAS,12,GUERRERO,LA UNIÓN,281,RÍO BAJO BALSAS,35360000.00,PRESA JOSÉ MARÍA MORELOS,RÍO BALSAS,1
13HGO410001/26ATGC00,26,PÁNUCO,13,HIDALGO,"ALFAJAYUCAN, TASQUILLO E IXMIQUILPAN",558,PRESA ENDHÓ,148290000.00,"PRESAS ENDHÓ, JAVIER ROJO GÓMEZ Y VICENTE AGUIRRE (PLANTA DE BOMBEO BINOLA)",RÍO ALFAJAYUCAN,1
13HGO410006/26ATGC05,26,PÁNUCO,13,HIDALGO,TEZONTEPEC Y CHILCUAUTLA,558,PRESA ENDHÓ,61255640.00,"PRESA ENDHÓ (SUBCUENCAS VALLE DE MÉXICO Y VALLE DE TULA, PLANTA DE BOMBEO BINOLA)",RÍO ALFAJAYUCAN,1
13HGO400303/26ATGC04,26,PÁNUCO,13,HIDALGO,ATITALAQUIA,555,CIUDAD DE MÉXICO,4969253.00,EMISOR CENTRAL (SUBCUENCA VALLE DE MÉXICO),RÍO TULA,1
13HGO400306/26ATGC04,26,PÁNUCO,13,HIDALGO,"MIXQUIAHUALA, FRANCISCO I. MADERO Y SAN SALVADOR",558,PRESA ENDHÓ,7337900.00,PRESA ENDHÓ (SUBCUENCAS VALLE DE MÉXICO Y VALLE DE TULA),RÍO TULA,1
13HGO400307/26ATGC04,26,PÁNUCO,13,HIDALGO,TEZONTEPEC DE ALDAMA,557,PRESA REQUENA,16244262.00,"EMISOR CENTRAL, SISTEMA DE PRESAS TAXHIMAY - REQUENA  (SUBCUENCAS V. DE MÉXICO Y V. DE TULA)",RÍO TULA,1
13HGO400309/26ATGC06,26,PÁNUCO,13,HIDALGO,TEZONTEPEC DE ALDAMA,557,PRESA REQUENA,13950000.00,"EMISOR CENTRAL, SISTEMA DE PRESAS TAXHIMAY - REQUENA  (SUBCUENCAS V. DE MÉXICO Y V. DE TULA)",RÍO TULA,1
13HGO400308/26ATGC05,26,PÁNUCO,13,HIDALGO,"TLAHULILPAN, TLAXCOAPAN, ATITALAQUIA,  Y ATOTONILCO",559,RÍO SALADO,11662000.00,RÍO SALADO (SUBCUENCA VALLE DE MÉXICO),RÍO SALADO,1
13HGO410005/26ATOC07,26,PÁNUCO,13,HIDALGO,IXMIQUILPAN Y CARDONAL,562,RÍO TULA,34020000.00,"CANAL PRINCIPAL XOTHO, AGUAS SUBALVEAS (SUBCUENCA VALLE DE TULA)",RÍO TULA,1
13HGO400310/26ATOC07,26,PÁNUCO,13,HIDALGO,"TULA DE ALLENDE, TEPETITLÁN",557,PRESA REQUENA,34473440.00,"Emisor Central, Presa Taxhimay - Requena (Subcuencas Valle de MUxico, Valle de Tula)","Ríos El Salto, Tepeji, Tula",1
13HGO400313/26ACDA13,26,PÁNUCO,13,HIDALGO,MUNICIPIO DE TLAXCOAPAN,559,RÍO SALADO,2106140.00,"EMISOR CENTRAL, RIO SALADO Y RIO EL SALTO",CANAL PRINCIPAL TLAMACO-JUANDHO,1
09HGO402801/26ATGC99,26,PÁNUCO,13,HIDALGO,SANTIAGO TULANTEPEC DE LUGO GUERRERO Y TULANCINGO DE BRAVO,495,RÍO METZTITLÁN 2,2455700.00,PRESA LA ESPERANZA,RÍO CHICO DE TULANCINGO,1
09HGO402802/26ATOC07,26,PÁNUCO,13,HIDALGO,TULANCINGO DE BRAVO,492,RÍO GRANDE DE TULANCINGO,13100000.00,AGUAS RESIDUALES DE LA CIUDAD DE TULANCINGO,AGUAS RESIDUALES DE LA CIUDAD DE TULANCINGO,1
13HGO400312/26AADA13,26,PÁNUCO,13,HIDALGO,MUNICIPIO DE TLAXCOAPAN,559,RÍO SALADO,4736000.00,"EMISOR CENTRAL, RIO SALADO Y RIO EL SALTO",CANAL PRINCIPAL TLAMACO-JUANDHO,1
09HGO400802/26ATDL17,26,PÁNUCO,13,HIDALGO,METZTITLÁN,495,RÍO METZTITLÁN 2,16606725.00,"Río Metztitlán (presas derivadoras: Coateno y Los Ejidos), Río Viejo Amajatlán (toma directa al canal Hualula)",Laguna de Metztitlán,1
09HGO400802/26ATDL17,26,PÁNUCO,13,HIDALGO,METZTITLÁN,495,RÍO METZTITLÁN 2,229832.00,Río Viejo Amajatlán (toma directa al canal Hualula),RIO METZTITLAN,2
09HGO400801/26ATDL17,26,PÁNUCO,13,HIDALGO,METZTITLAN,495,RÍO METZTITLÁN 2,20771275.00,"Ríos Metztitlán y San Agustín, presas derivadoras Venados, las Pilas, Apanco, Jihuico; Plantas de bombeo la Travesía, el Puente, el Salitre, Miahuatlá",LAGUNA DE METZTITLAN Y RIO METZTITLAN,1
08JAL401301/12ATGC00,12,LERMA-SANTIAGO,14,JALISCO,LAGOS DE MORENO,192,PRESA EL CUARENTA,13300000.00,PRESA EL CUARENTA,RÍO SANTIAGO,1
08JAL401302/12ATGC00,12,LERMA-SANTIAGO,14,JALISCO,TEOCALTICHE,197,RÍO AGUASCALIENTES,4670000.00,RÍO VERDE (RÍO GRANDE),RÍO SANTIAGO,1
08JAL401303/12ATGC00,12,LERMA-SANTIAGO,14,JALISCO,SAN MIGUEL EL ALTO,198,RÍO SAN MIGUEL,1390000.00,PRESA DE ALMACENAMIENTO SAN MIGUEL,RÍO SANTIAGO,1
08JAL401305/12ATGC00,12,LERMA-SANTIAGO,14,JALISCO,MEXTICACÁN,200,RÍO VERDE 1,390000.00,PRESA MEXTICACÁN,RÍO VERDE,1
08JAL401306/12ATGC00,12,LERMA-SANTIAGO,14,JALISCO,TENASCO Y SANTA MARÍA DE LOS ÁNGELES,210,RÍO TEPETONGO,1980000.00,PRESA TENASCO,RÍO BOLAÑOS,1
08JAL401307/12ATGC00,12,LERMA-SANTIAGO,14,JALISCO,VILLA GUERRERO,213,RÍO BOLAÑOS 1,1010000.00,PRESA LA BOQUILLA (VILLA GUERRERO),RÍO BOLAÑOS,1
08JAL401308/14ATGC00,14,RÍO AMECA,14,JALISCO,"MAGDALENA, ETZATLÁN Y ANTONIO ESCOBEDO",238,AMECA PIJINTO,6840000.00,"PRESAS PALO VERDE, COATEPEC, SANTA ROSALÍA, SAN ANDRÉS, LAS QUEMADAS, EL TRIGO-EL LLANO, Y DRENES (subirreigación)",RÍO AMECA,1
08JAL401309/14ATGC00,14,RÍO AMECA,14,JALISCO,AHUALULCO Y ANTONIO ESCOBEDO,234,SALADO,6450000.00,LAGUNA COLORADA,RÍO AMECA,1
08JAL401310/14ATGC00,14,RÍO AMECA,14,JALISCO,TEUCHITLÁN,234,SALADO,1060000.00,MANANTIAL TEUCHITLÁN,RÍO AMECA,1
08JAL401312/14ATGC00,14,RÍO AMECA,14,JALISCO,AMECA Y ETZALÁN,235,COCULA,6190000.00,RÍO AMECA (AGUAS DE RETORNO),RÍO AMECA,1
08JAL401313/12ATGC00,12,LERMA-SANTIAGO,14,JALISCO,TIZAPÁN EL ALTO,0,,7080000.00,PRESA EL VOLANTÍN Y RÍO LA PASIÓN,LAGO DE CHAPALA,1
08JAL401314/12ATGC00,12,LERMA-SANTIAGO,14,JALISCO,TIZAPÁN EL ALTO,0,,870000.00,LAGUNA DE CHAPALA,LAGO DE CHAPALA,1
08JAL401315/12ATGC00,12,LERMA-SANTIAGO,14,JALISCO,LA BARCA Y JAMAY,0,,6090000.00,RÍO LERMA Y LAGUNA DE CHAPALA,RÍO LERMA,1
08JAL401316/12ATGC00,12,LERMA-SANTIAGO,14,JALISCO,LA BARCA,0,,2780000.00,RÍO LERMA,RÍO LERMA,1
08JAL401317/12ATGC00,12,LERMA-SANTIAGO,14,JALISCO,JAMAY,0,,19570000.00,RÍO LERMA Y LAGUNA DE CHAPALA,LAGO DE CHAPALA,1
08JAL401318/12ATGC00,12,LERMA-SANTIAGO,14,JALISCO,OCOTLÁN,0,,6380000.00,"LAGUNA DE CHAPALA, RÍO ZULA Y RÍO SANTIAGO",RÍO SANTIAGO,1
08JAL401319/12ATGC00,12,LERMA-SANTIAGO,14,JALISCO,PONCITLÁN,0,,9780000.00,"LAGUNA DE CHAPALA, RÍO ZULA Y RÍO SANTIAGO",RÍO SANTIAGO,1
08JAL401320/12ATGC00,12,LERMA-SANTIAGO,14,JALISCO,OCOTLÁN,0,,1560000.00,"LAGUNA DE CHAPALA, RÍO ZULA Y RÍO SANTIAGO",RÍO SANTIAGO,1
08JAL401321/12ATGC00,12,LERMA-SANTIAGO,14,JALISCO,"OCOTLÁN, PONCITLÁN Y ZAPOTLÁN DEL REY",0,,8860000.00,RÍO LERMA,RÍO SANTIAGO,1
08JAL401322/12ATGC00,12,LERMA-SANTIAGO,14,JALISCO,ZAPOTLÁN DEL REY,206,RÍO SANTIAGO 1,2630000.00,PRESA LA COLONIA,RÍO SANTIAGO,1
08JAL401323/12ATGC00,12,LERMA-SANTIAGO,14,JALISCO,ZAPOTLÁN DEL REY,206,RÍO SANTIAGO 1,1000000.00,PRESA CHILA,RÍO SANTIAGO,1
08JAL401324/12ATGC00,12,LERMA-SANTIAGO,14,JALISCO,ZAPOTLANEJO Y JUANACATLÁN,0,,9170000.00,SISTEMA LAGUNA DE CHAPALA-RÍO SANTIAGO,RÍO SANTIAGO,1
08JAL401325/12ATGC00,12,LERMA-SANTIAGO,14,JALISCO,JUANACATLÁN,0,,10710000.00,SISTEMA LAGUNA DE CHAPALA-RÍO SANTIAGO,RÍO SANTIAGO,1
08JAL401327/12ATGC00,12,LERMA-SANTIAGO,14,JALISCO,IXTLAHUACAN Y TLAJOMULCO DE ZÚÑIGA,206,RÍO SANTIAGO 1,2370000.00,LAGUNA DE CAJITITLÁN,RÍO SANTIAGO,1
08JAL401328/12ATGC00,12,LERMA-SANTIAGO,14,JALISCO,"LA BARCA, ATOTONILCO Y AYOTLÁN",0,,13380000.00,PRESA GUILLERMO LUGO SANABRIA (LA PÓLVORA),RÍO LERMA,1
08JAL100212/12ATGC00,12,LERMA-SANTIAGO,14,JALISCO,SAYULA,226,LAGUNA DE SAYULA B,790000.00,MANANTIALES CARRIZAL Y TAMALIAGUA,NO APLICA,1
08JAL100212/12ATGC00,12,LERMA-SANTIAGO,14,JALISCO,SAYULA,226,LAGUNA DE SAYULA B,5570000.00,AGUA DE LLUVIA ENTARQUINADA EN LA PARTE BAJA DEL MÓDULO,NO APLICA,2
08JAL401330/12ATGC02,12,LERMA-SANTIAGO,14,JALISCO,"CHAPALA, JUANACATLÁN, EL SALTO E IXTLAHUACAN DE LOS MEMBRILLOS",0,,23960000.00,SISTEMA LAGUNA DE CHAPALA - RÍO SANTIAGO,RÍO SANTIAGO,1
08JAL100210/16ATGC00,16,ARMERÍA-COAHUAYANA,14,JALISCO,"AUTLÁN, EL GRULLO Y EL LIMÓN",258,CANOAS,179230000.00,SISTEMA DE PRESAS TACOTÁN-TRIGOMIL,RÍO AYUQUILA,1
08JAL401311/14ATGC00,14,RÍO AMECA,14,JALISCO,"AMECA, COCULA, SAN MARTÍN HIDALGO Y TEUCHITLÁN",235,COCULA,56220000.00,PRESA SANTIAGO CAMARENA CAMARENA (LA VEGA),RÍO AMECA,1
08JAL409301/15ATGC00,15,COSTA DE JALISCO,14,JALISCO,TOMATLÁN,245,RÍO MARÍA GARCÍA,290300000.00,PRESA CAJÓN DE PEÑA,RÍO TOMATLÁN,1
08JAL408705/12ATGC16,12,LERMA-SANTIAGO,14,JALISCO,AYOTLÁN,0,,57990000.00,PRESA MELCHOR OCAMPO (PRESA DERIVADORA BLAS BALCÁRCEL),RÍO LERMA,1
08JAL100211/12ATGC16,12,LERMA-SANTIAGO,14,JALISCO,"ACATLÁN DE JUÁREZ, VILLA CORONA Y ZACOALCO DE TORRES",223,LAGUNA VILLA CORONA B,12680000.00,PRESA HURTADO,RÍO MAZATEPEC,1
08JAL100211/12ATGC16,12,LERMA-SANTIAGO,14,JALISCO,"ACATLÁN DE JUÁREZ, VILLA CORONA Y ZACOALCO DE TORRES",223,LAGUNA VILLA CORONA B,7620000.00,AGUA DE LLUVIA ENTARQUINADA EN LAS PARTES BAJAS DEL MÓDULO,NO APLICA,2
08JAL401326/12ATGC16,12,LERMA-SANTIAGO,14,JALISCO,TLAJOMULCO DE ZÚÑIGA Y TLAQUEPAQUE,0,,690000.00,SISTEMA LAGUNA DE CHAPALA-RÍO SANTIAGO,RÍO SANTIAGO,1
08JAL401304/12ATGC00,12,LERMA-SANTIAGO,14,JALISCO,YAHUALICA DE GONZÁLEZ GALLO,200,RÍO VERDE 1,1630000.00,PRESA EL ESTRIBÓN,RÍO SANTIAGO,1
08JAL405306/15ATGC00,15,COSTA DE JALISCO,14,JALISCO,CIHUATLÁN,252,RÍO MARABASCO A,18750000.00,RÍO MARABASCO (PRESA DERIVADORA PAROTAS),RÍO CIHUATLÁN,1
08JAL409302/15ATGC99,15,COSTA DE JALISCO,14,JALISCO,TOMATLÁN,245,RÍO MARÍA GARCÍA,77300000.00,PRESA CAJÓN DE PEÑA,RÍO TOMATLÁN,1
08MEX403303/12ATGC00,12,LERMA-SANTIAGO,15,MÉXICO,ATLACOMULCO Y TEMASCALCINGO,0,,2098000.00,RÍO LERMA (PRESA DERIVADORA TOXI),RÍO LERMA,1
08MEX403304/12ATGC00,12,LERMA-SANTIAGO,15,MÉXICO,ATLACOMULCO,0,,4560000.00,PRESA FABELA,RÍO LAJAS,1
09MEX409601/26ATGC00,26,PÁNUCO,15,MÉXICO,"ACULCO, MEX., JILOTEPEC, MEX., POLOTITLAN, MEX., NOPALA, HGO. Y HUICHAPAN, HGO.",486,ARROYO ZARCO,24593000.00,"PRESAS: HUAPANGO, Y EL MOLINO; VASOS AUXILIARES: LA LOMA, SAN ANTONIO, TAXHINGU, Y CHAPALA","RÍO: ARROYO ZARCO; ARROYOS: EL SALTILLO, EL PAREDON, EL SALTO Y LA LAVANDERA",1
09MEX409602/26ATGC00,26,PÁNUCO,15,MÉXICO,"ACULCO, MEX.",487,RÍO ÑADÓ,8990000.00,"PRESA: ÑADO, Y BORDOS LOS CERRITOS, Y COFRADÍA","RÍOS ÑADO, BARRANCA, ACULCO; ARROYOS: EL MAZATETE, CAMPAMENTO Y POZO HONDO, AGUAS RESIDUALES",1
13MEX100216/26ATGC00,26,PÁNUCO,15,MÉXICO,"CUAUTITLÁN IZCALLI, TEPOTZOTLÁN Y TEOLOYUCAN",556,RÍO CUAUTITLÁN,2323000.00,PRESA LA CONCEPCIÓN,RÍO TEPOTZOTLÁN,1
13MEX408801/26ATGC03,26,PÁNUCO,15,MÉXICO,"ECATEPEC, NEXTLALPAN, JALTENCO Y TECÁMAC",555,CIUDAD DE MÉXICO,55860000.00,GRAN CANAL DEL DESAGÜE DE LA CIUDAD DE MÉXICO (AGUAS RESIDUALES),RÍO MOCTEZUMA,1
13MEX404401/26ATGC99,26,PÁNUCO,15,MÉXICO,JILOTEPEC Y SOYANIQUILPAN,558,PRESA ENDHÓ,12156600.00,PRESA DANXHO,RIO COSCOMATE,1
08MEX403301/12ATGC03,12,LERMA-SANTIAGO,15,MÉXICO,TEMASCALCINGO Y ACAMBAY,0,,16822000.00,RIO LERMA (PRESA DERIVADORA ANDARO),RÍO LERMA,1
04MCH409702/18ATGC00,18,BALSAS,16,MICHOACÁN DE OCAMPO,MÚJICA,278,RÍO CUPATITZIO,186500000.00,SISTEMA RÍOS CUPATITZIO Y CAJONES (DERIVADORAS COBANO Y CAJONES),RÍO CUPATITZIO,1
04MCH409703/18ATGC00,18,BALSAS,16,MICHOACÁN DE OCAMPO,PARÁCUARO,278,RÍO CUPATITZIO,111880000.00,SISTEMA RÍOS CUPATITZIO Y CAJONES (DERIVADORAS COBANO Y CAJONES),RÍO CUPATITZIO,1
04MCH409802/18ATGC00,18,BALSAS,16,MICHOACÁN DE OCAMPO,LÁZARO CÁRDENAS,281,RÍO BAJO BALSAS,62640000.00,PRESA JOSÉ MARÍA MORELOS,RÍO BALSAS,1
04MCH409901/18ATGC99,18,BALSAS,16,MICHOACÁN DE OCAMPO,"COTIJA, TOCUMBO Y TINGÜINDIN",280,RÍO TEPALCATEPEC,6370000.00,PRESA SAN JUANICO,RÍO QUITUPAN,1
08MCH404504/18ATGC00,18,BALSAS,16,MICHOACÁN DE OCAMPO,HIDALGO  E IRIMBO,276,RÍO CUTZAMALA,39650000.00,"PRESA AGOSTITLÁN, SABANETA, PUCUATO, RÍO TAXIMAROA Y SUS AFLUENTES",RÍO BALSAS,1
08MCH404506/18ATGC00,18,BALSAS,16,MICHOACÁN DE OCAMPO,TUXPAN,276,RÍO CUTZAMALA,33350000.00,"RÍO TAXIMAROA, SUS AFLUENTES Y RÍO PUERCO",RÍO BALSAS,1
04MCH100215/18ATGC00,18,BALSAS,14,JALISCO,QUITUPAN,280,RÍO TEPALCATEPEC,6440000.00,PRESA VICENTE C. VILLASEÑOR,RÍO COTIJA,1
08MCH404505/18ATGC01,12,LERMA-SANTIAGO,16,MICHOACÁN DE OCAMPO,HIDALGO  E IRIMBO,0,,25617000.00,"MANANTIALES: SANTA ROSA, ARROYO DEL DIABLO (VARIOS MANANTIALES) Y SAN LORENZO",ARROYO DEL DIABLO,1
04MCH409713/18ATSG14,18,BALSAS,16,MICHOACÁN DE OCAMPO,LA HUACANA,278,RÍO CUPATITZIO,100000000.00,RÍO EL MARQUES (PRESA DE ALMACENAMIENTO FRANCISCO J. MUGICA),RÍO CUPATITZIO,1
08MCH402002/12ATGC00,12,LERMA-SANTIAGO,16,MICHOACÁN DE OCAMPO,"ALVARO OBREGÓN, INDAPARAPEO, CHARO Y MORELIA",0,,4290000.00,SISTEMA PRESA COINTZIO-AGUAS RESIDUALES DE LA CD. DE MORELIA,RÍO GRANDE DE MORELIA,1
08MCH402003/12ATGC00,12,LERMA-SANTIAGO,16,MICHOACÁN DE OCAMPO,ALVARO OBREGÓN Y TARÍMBARO,0,,47650000.00,SISTEMA PRESA COINTZIO-AGUAS RESIDUALES DE LA CD. DE MORELIA,RÍO GRANDE DE MORELIA,1
08MCH402005/12ATGC00,12,LERMA-SANTIAGO,16,MICHOACÁN DE OCAMPO,"ALVARO OBREGÓN, INDAPARAPEO, QUERÉNDADO Y ZINAPÉCUARO",0,,20430000.00,PRESA MALPAIS,RÍO QUERÉNDARO,1
08MCH402006/12ATGC00,12,LERMA-SANTIAGO,16,MICHOACÁN DE OCAMPO,PATZCUARO Y TZINTZUNZAN,0,,3180000.00,MANANTIALES CHAPULTEPEC Y LA ALBERCA,NO APLICA,1
08MCH402401/12ATGC00,12,LERMA-SANTIAGO,16,MICHOACÁN DE OCAMPO,"TINGÜINDIN, VILLAMAR, JIQUILPAN, SAHUAYO Y VENUSTIANO CARRANZA",0,,12520000.00,PRESA TARÉCUARO,LAGO DE CHAPALA,1
08MCH402401/12ATGC00,12,LERMA-SANTIAGO,16,MICHOACÁN DE OCAMPO,"TINGÜINDIN, VILLAMAR, JIQUILPAN, SAHUAYO Y VENUSTIANO CARRANZA",0,,12120000.00,PRESA GUARACHA,LAGO DE CHAPALA,2
08MCH402401/12ATGC00,12,LERMA-SANTIAGO,16,MICHOACÁN DE OCAMPO,"TINGÜINDIN, VILLAMAR, JIQUILPAN, SAHUAYO Y VENUSTIANO CARRANZA",0,,5450000.00,PRESA JARIPO,LAGO DE CHAPALA,3
08MCH402401/12ATGC00,12,LERMA-SANTIAGO,16,MICHOACÁN DE OCAMPO,"TINGÜINDIN, VILLAMAR, JIQUILPAN, SAHUAYO Y VENUSTIANO CARRANZA",0,,22270000.00,LAGUNA DE CHAPALA (PLANTA DE BOMBEO ABRAHAM GUERRA),LAGO DE CHAPALA,4
08MCH402401/12ATGC00,12,LERMA-SANTIAGO,16,MICHOACÁN DE OCAMPO,"TINGÜINDIN,. VILLAMAR, JIQUILPAN, SAHUAYO Y VENUSTIANO CARRANZA",0,,2820000.00,AGUA DE RETORNO,LAGO DE CHAPALA,5
08MCH402402/12ATGC00,12,LERMA-SANTIAGO,16,MICHOACÁN DE OCAMPO,"BRISEÑAS, PAJACUARÁN Y VENUSTIANO CARRRANZA",0,,27860000.00,DERIVACIÓN DEL RÍO DUERO,RÍO LERMA,1
08MCH402402/12ATGC00,12,LERMA-SANTIAGO,16,MICHOACÁN DE OCAMPO,"BRISEÑAS, PAJACUARÁN Y VENUSTIANO CARRANZA",0,,7660000.00,BOMBEOS DE RÍO LERMA,RÍO LERMA,2
08MCH402403/12ATGC00,12,LERMA-SANTIAGO,16,MICHOACÁN DE OCAMPO,"VISTA HERMOSA, PAJACUARÁN E IXTLAN DE LOS HERVORES",0,,32180000.00,DERIVACIONES DEL RÍO DUERO,RÍO DUERO,1
08MCH406101/12ATGC99,12,LERMA-SANTIAGO,16,MICHOACÁN DE OCAMPO,"ZAMORA, JACONA, TANGANCÍCUARO Y TLAZAZALCA",0,,9050000.00,PRESA DE ALMACENAMIENTO UREPÉTIRO,RÍO TLAZAZALCA,1
08MCH406101/12ATGC99,12,LERMA-SANTIAGO,16,MICHOACÁN DE OCAMPO,"ZAMORA, JACONA, TANGUANCÍCUARO Y TLAZAZALCA",0,,18830000.00,"MANANTIALES: RÍO CELIO, LA ESTANCIA, ORANDINO, DISPARATE Y OJO DE AGUA",NO APLICA,2
08MCH406101/12ATGC99,12,LERMA-SANTIAGO,16,MICHOACÁN DE OCAMPO,"ZAMORA, JACONA, TANGANCÍCUARO Y TLAZAZALCA",0,,22150000.00,DERIVACIÓN DEL RÍO DUERO,RÍO DUERO,3
08MCH406102/12ATGC99,12,LERMA-SANTIAGO,16,MICHOACÁN DE OCAMPO,ZAMORA. IXTLÁN,0,,59700000.00,RÍO DUERO,RÍO DUERO,1
08MCH406103/12ATGC99,12,LERMA-SANTIAGO,16,MICHOACÁN DE OCAMPO,"ZAMORA, CHAVINDA, IXTLÁN",0,,50150000.00,RÍO DUERO,RÍO DUERO,1
08MCH406104/12ATGC99,12,LERMA-SANTIAGO,16,MICHOACÁN DE OCAMPO,"ZAMORA, IXTÁN, PAJACUARÁN",0,,58050000.00,RÍO DUERO,RÍO DUERO,1
08MCH408701/12ATGC00,12,LERMA-SANTIAGO,16,MICHOACÁN DE OCAMPO,ANGAMACÚTIRO,0,,37790000.00,PRESA MELCHOR OCAMPO,RÍO ANGULO,1
08MCH408702/12ATGC00,12,LERMA-SANTIAGO,16,MICHOACÁN DE OCAMPO,ANGAMACÚTIRO Y LA PIEDAD,0,,84840000.00,"PRESA MELCHOR OCAMPO (PRESA DERIVADORA QUINTA GUADALUPE, ESTRUCTURA NÚM. 3)",RÍO LERMA,1
08MCH408703/12ATGC00,12,LERMA-SANTIAGO,16,MICHOACÁN DE OCAMPO,YURÉCUARO,0,,8070000.00,PRESA MELCHOR OCAMPO (PRESA DERIVADORA BLAS BALCÁRCEL),RÍO LERMA,1
08MCH408704/12ATGC00,12,LERMA-SANTIAGO,16,MICHOACÁN DE OCAMPO,TANHUATO,0,,14350000.00,PRESA MELCHOR OCAMPO (PRESA DERIVADORA BLAS BALCÁRCEL),RÍO LERMA,1
08MCH408706/12ATGC00,12,LERMA-SANTIAGO,16,MICHOACÁN DE OCAMPO,JOSÉ SIXTO VERDUZCO,0,,38770000.00,SISTEMA DE PRESAS TEPUXTEPEC-SOLÍS-LAGUNA DE YURIRIA,RÍO LERMA,1
08MCH408707/12ATGC00,12,LERMA-SANTIAGO,16,MICHOACÁN DE OCAMPO,VILLA JIMÉNEZ,0,,5850000.00,PRESA COPÁNDARO,RÍO ANGULO,1
08MCH408707/12ATGC00,12,LERMA-SANTIAGO,16,MICHOACÁN DE OCAMPO,ZACAPU,0,,49516000.00,"MANANTIALES: ECUARUM, EL MARIJO, EL TANQUE, EL MOLINO, NARANJA, BELLAS FUENTES, TAREJERO, ZACAPU, AGUA BLANCA, BUENA VISTA Y TANQUE CHICO",NO APLICA,2
04MCH409701/18ATGC00,18,BALSAS,16,MICHOACÁN DE OCAMPO,GABRIEL ZAMORA,278,RÍO CUPATITZIO,108680000.00,SISTEMA RÍOS CUPATITZIO Y CAJONES (DERIVADORAS COBANO Y CAJONES),RÍO CUPATITZIO,1
04MCH409704/18ATGC00,18,BALSAS,16,MICHOACÁN DE OCAMPO,LA HUACANA,281,RÍO BAJO BALSAS,43020000.00,PRESA DE ALMACENAMIENTO ZICUIRÁN,RÍO GUARIMEO,1
04MCH409707/18ATGC00,18,BALSAS,16,MICHOACÁN DE OCAMPO,APATZINGÁN,280,RÍO TEPALCATEPEC,107060000.00,"MANANTIALES : CHANDIO, LA MAJADA, LA PIEDRA, GUARANDICHO, TIZAPÍNDARO, TZENTZENGUARO Y GALEANA",RÍO APATZINGÁN,1
04MCH409708/18ATGC00,18,BALSAS,16,MICHOACÁN DE OCAMPO,BUENAVISTA,280,RÍO TEPALCATEPEC,48620000.00,"RÍO BUENAVISTA Y MANANTIALES: EL DIABLO, LOS ÚLTIMOS Y CHICHUATO",ARROYO DE BUENAVISTA,1
04MCH409709/18ATGC00,18,BALSAS,16,MICHOACÁN DE OCAMPO,BUENAVISTA,280,RÍO TEPALCATEPEC,97210000.00,SISTEMA DE PRESAS CHILATÁN-LOS OLIVOS (CONSTITUCIÓN DE APATZINGÁN),RÍO TEPALCATEPEC,1
04MCH409710/18ATGC00,18,BALSAS,16,MICHOACÁN DE OCAMPO,BUENAVISTA,280,RÍO TEPALCATEPEC,104280000.00,SISTEMA DE PRESAS CHILATÁN - LOS OLIVOS (CONSTITUCIÓN DE APATZINGÁN),RÍO TEPALCATEPEC,1
04MCH409712/18ATGC00,18,BALSAS,16,MICHOACÁN DE OCAMPO,TEPALCATEPEC,280,RÍO TEPALCATEPEC,118090000.00,SISTEMA DE PRESAS CHILATÁN - LOS OLIVOS (CONSTITUCIÓN DE APATZINGÁN),RÍOS TEPALCATEPEC Y LOS OLIVOS,1
08MCH404501/12ATGC00,12,LERMA-SANTIAGO,16,MICHOACÁN DE OCAMPO,MARAVATÍO,0,,55000000.00,RÍO LERMA,RÍO LERMA,1
04MCH409705/18ATGC00,18,BALSAS,16,MICHOACÁN DE OCAMPO,PARÁCUARO,280,RÍO TEPALCATEPEC,119000000.00,"RÍO CANCITA Y MANANTIALES: DOS, TRES, CUATRO, CINCO, SEIS Y PARACUARITO",RÍO LOS BANCOS,1
04MCH409706/18ATGC00,18,BALSAS,16,MICHOACÁN DE OCAMPO,PARÁCUARO,280,RÍO TEPALCATEPEC,8190000.00,RÍO CANCITA (LAS YEGUAS),RÍO CANCITA,1
04MCH409711/18ATGC00,18,BALSAS,16,MICHOACÁN DE OCAMPO,TEPALCATEPEC,280,RÍO TEPALCATEPEC,135340000.00,SISTEMA DE PRESAS CHILATÁN - LOS OLIVOS (CONSTITUCIÓN DE APATZINGÁN),RÍO TEPALCATEPEC,1
08MCH404502/12ATGC00,12,LERMA-SANTIAGO,16,MICHOACÁN DE OCAMPO,MARAVATÍO,0,,9115000.00,PRESA LAGUNA DEL FRESNO,NO APLICA,1
08MCH404502/12ATGC00,12,LERMA-SANTIAGO,16,MICHOACÁN DE OCAMPO,MARAVATÍO,0,,700000.00,PRESA TORRE BLANCA,NO APLICA,2
08MCH404502/12ATGC00,12,LERMA-SANTIAGO,16,MICHOACÁN DE OCAMPO,MARAVATÍO,0,,600000.00,PRESA LA CORTINA,NO APLICA,3
08MCH404502/12ATGC00,12,LERMA-SANTIAGO,16,MICHOACÁN DE OCAMPO,MARAVATÍO,0,,5180000.00,"MANANTIALES: LAS BRUJAS, POZOS HONDOS, LA TAZA Y SAN LORENZO CAMELINA (TEJOCOTE)",RÍO CHIQUITO,4
08MCH404503/12ATGC00,12,LERMA-SANTIAGO,16,MICHOACÁN DE OCAMPO,SENGUIO,0,,15000000.00,PRESA TERCER MUNDO,RÍO LOS AILES,1
08MCH404507/18ATGC00,18,BALSAS,16,MICHOACÁN DE OCAMPO,"JUNGAPEO, ZITÁCUARO Y TUXPAN",276,RÍO CUTZAMALA,40000000.00,"PRESA AGOSTITLÁN, SABANETA, PUCUATO Y RÍO TUXPAN O TAXIMAROA",RÍO BALSAS,1
08MCH402001/12ATGC18,12,LERMA-SANTIAGO,16,MICHOACÁN DE OCAMPO,MORELIA,0,,5470000.00,SISTEMA PRESA COINTZIO-AGUAS RESIDUALES DE LA CD. DE MORELIA (PRESA COINTZIO),RÍO GRANDE DE MORELIA,1
08MCH402004/12ATGC18,12,LERMA-SANTIAGO,16,MICHOACÁN DE OCAMPO,"ALVARO OBREGÓN, INDAPARAPEO Y QUERÉNDADO",0,,21240000.00,SISTEMA PRESA COINTZIO-AGUAS RESIDUALES DE LA CD. DE MORELIA,RÍO GRANDE DE MORELIA,1
04MCH409714/18ATGC19,18,BALSAS,16,MICHOACÁN DE OCAMPO,BUENAVISTA,0,,94330000.00,"PRESA DE ALMACENAMIENTO ""CONSTITUCIÓN DE APATZINGÁN"" (CHILATÁN)",RIO TEPALCATEPEC,1
04MOR401601/18ATGC00,18,BALSAS,17,MORELOS,"COATLÁN DEL RÍO, TETECALA, MAZATEPEC, PUENTE DE IXTLA Y AMACUZAC",271,RÍO AMACUZAC,49940000.00,RÍO CHALMA,RÍO AMACUZAC,1
04MOR401603/18ATGC00,18,BALSAS,17,MORELOS,"CUERNAVACA, TEMIXCO, XOCHITEPEC",271,RÍO AMACUZAC,38590000.00,RÍO APATLACO,RÍO AMACUZAC,1
04MOR401604/18ATGC00,18,BALSAS,17,MORELOS,"CUERNAVACA, JIUTEPEC, EMILIANO ZAPATA, XOCHITEPEC Y TLALTIZAPÁN",271,RÍO AMACUZAC,66790000.00,"MANANTIALES CHAPULTEPEC, CUAHUCHILES, LAS FUENTES, PALO ESCRITO, SAN RAMÓN Y SALADO SANTA ROSA",NO APLICA,1
04MOR401608/18ATGC00,18,BALSAS,17,MORELOS,"CUAUTLA, CIUDAD AYALA, TEPALCINGO, TLAQUILTENANGO Y TLALTIZAPÁN",271,RÍO AMACUZAC,84850000.00,"MANANTIALES AGUA DULCE, SANTA ROSA, LA MORA, SAN CRISTÓBAL, XOCHITENGO, HUANCHA, SANTA INÉS, CASASANO Y AXOCOCHE",NO APLICA,1
04MOR401608/18ATGC00,18,BALSAS,17,MORELOS,"CUAUTLA, AYALA, TEPALCINGO, TLAQUILTENANGO Y TLALTIZAPÁN",271,RÍO AMACUZAC,8670000.00,RÍO AYALA,RÍO CUAUTLA,2
04MOR401608/18ATGC00,18,BALSAS,17,MORELOS,"CUAUTLA, CIUDAD AYALA, TEPALCINGO, TLAQUILTENANGO Y TLALTIZAPÁN",271,RÍO AMACUZAC,145330000.00,RÍO CUAUTLA,RÍO AMACUZAC,3
04MOR401608/18ATGC00,18,BALSAS,17,MORELOS,"CUAUTLA, CIUDAD AYALA, TEPALCINGO, TLAQUILTENANGO Y TLALTIZAPÁN",271,RÍO AMACUZAC,1650000.00,RÍO YAUTEPEC,RÍO APATLACO,4
04MOR401608/18ATGC00,18,BALSAS,17,MORELOS,"CUAUTLA, CIUDAD AYALA, TEPALCINGO, TLAQUILTENANGO Y TLALTIZAPÁN",271,RÍO AMACUZAC,7030000.00,BARRANCA LA CUERA,RÍO CUAUTLA,5
04MOR401605/18ATGC00,18,BALSAS,17,MORELOS,"XOCHITEPEC, PUENTE DE IXTLA, JOJUTLA, TLALTIZAPÁN, TLAQUILTENANGO, EMILIANO ZAPATA Y ZACATEPEC",271,RÍO AMACUZAC,172300000.00,"MANANTIALES CHIHUAHUITA, EL SALTO, TECOLOAPAN, ESTACAS, SANTA ISABEL, SANTÍSIMO Y EL CUATE",NO APLICA,1
04MOR401605/18ATGC00,18,BALSAS,17,MORELOS,"XOCHITEPEC, PUENTE DE IXTLA, JOJUTLA, TLALTIZAPÁN, TLAQUILTENANGO, EMILIANO ZAPATA Y ZACATEPEC",271,RÍO AMACUZAC,49480000.00,RÍO APATLACO,RÍO AMACUZAC,2
04MOR401605/18ATGC00,18,BALSAS,17,MORELOS,"XOCHITEPEC, PUENTE DE IXTLA, JOJUTLA, TLALTIZAPGN, TLAQUILTENANGO, EMILIANO ZAPATA Y ZACATEPEC",271,RÍO AMACUZAC,41980000.00,RÍO YAUTEPEC,RÍO APATLACO,3
04MOR401605/18ATGC00,18,BALSAS,17,MORELOS,"XOCHITEPEC, PUENTE DE IXTLA, JOJUTLA, TLALTIZAPÁN, TLAQUILTENANGO, EMILIANO ZAPATA Y ZACATEPEC",271,RÍO AMACUZAC,30680000.00,RÍO TETLAMA,RÍO APATLACO,4
03NAY404301/14ATGC00,14,RÍO AMECA,18,NAYARIT,BAHÍA DE BANDERAS,242,AMECA IXTAPA B,89495000.00,DERIVACIÓN DEL RÍO AMECA,RÍO AMECA,1
03NAY404303/11ATGC00,11,PRESIDIO-SAN PEDRO,18,NAYARIT,SANTIAGO IXCUINTLA,221,RÍO SANTIAGO 6,32996000.00,BOMBEO DEL RÍO SANTIAGO,RÍO SAN PEDRO,1
03NAY404304/12ATGC00,12,LERMA-SANTIAGO,18,NAYARIT,"TUXPAN, RUIZ Y ROSAMORADA",156,RÍO SAN PEDRO-DESEMBOCADURA,32767000.00,TOMA DIRECTA DEL RÍO SAN PEDRO,RÍO SANTIAGO,1
03NAY404302/12ATGC00,12,LERMA-SANTIAGO,18,NAYARIT,"TEPIC, SAN BLAS Y SANTIAGO IXCUINTLA",221,RÍO SANTIAGO 6,239661000.00,DERIVACIÓN DEL RÍO SANTIAGO,RÍO SANTIAGO,1
06NVL403101/24ATGC00,24,BRAVO-CONCHOS,19,NUEVO LEÓN,"GENERAL BRAVO, DR. COSS, CHINA, LOS ALDAMAS Y LOS RAMONES",437,RÍO SAN JUAN 2,24000000.00,PRESA DE ALMACENAMIENTO EL CUCHILLO-SOLIDARIDAD,RÍO SAN JUAN,1
06NVL400402/24ATGC17,24,BRAVO-CONCHOS,19,NUEVO LEÓN,ANÁHUAC,431,RÍO SALADO,17184900.00,PRESA VENUSTIANO CARRANZA,RÍO SALADO,1
06NVL400403/24ATGC17,24,BRAVO-CONCHOS,19,NUEVO LEÓN,ANÁHUAC,431,RÍO SALADO,21434230.00,PRESA VENUSTIANO CARRANZA,RÍO SALADO,1
06NVL400404/24ATGC17,24,BRAVO-CONCHOS,19,NUEVO LEÓN,ANÁHUAC,431,RÍO SALADO,37999400.00,PRESA VENUSTIANO CARRANZA,RÍO SALADO,1
06NVL400405/24ATGC17,24,BRAVO-CONCHOS,19,NUEVO LEÓN,ANÁHUAC,431,RÍO SALADO,20886010.00,PRESA VENUSTIANO CARRANZA,RÍO SALADO,1
06NVL400406/24ATGC17,24,BRAVO-CONCHOS,19,NUEVO LEÓN,ANÁHUAC,431,RÍO SALADO,2307080.00,PRESA VENUSTIANO CARRANZA,RÍO SALADO,1
06NVL400407/24ATGC17,24,BRAVO-CONCHOS,19,NUEVO LEÓN,ANÁHUAC,431,RÍO SALADO,2029190.00,PRESA VENUSTIANO CARRANZA,RÍO SALADO,1
05OAX401904/22ATGC03,22,TEHUANTEPEC,20,OAXACA,"SAN PEDRO COMITANCILLO, SAN BLAS ATEMPA Y ASUNCIÓN IXTALTEPEC -  PROPIEDAD FEDERAL (SECRETARÍA DE LA DEFENSA NACIONAL)",369,RÍO LOS PERROS 2,7429000.00,RÍO TEHUANTEPEC (PRESA DE ALMACENAMIENTO BENITO JUÁREZ),RÍO TEHUANTEPEC,1
05OAX401903/22ATGC04,22,TEHUANTEPEC,20,OAXACA,"SAN BLAS ATEMPA, SAN PEDRO HUILOTEPEC Y JUCHITAN DE ZARAGOZA",369,RÍO LOS PERROS 2,74101000.00,RIO TEHUANTEPEC (PRESA DE ALMACENAMIENTO BENITO JUAREZ),RIO TEHUANTEPEC,1
05OAX401905/22ATGC03,22,TEHUANTEPEC,20,OAXACA,EL ESPINAL,369,RÍO LOS PERROS 2,38257000.00,RÍO TEHUANTEPEC (PRESA DE ALMACENAMIENTO BENITO JUÁREZ),RÍO TEHUANTEPEC,1
05OAX401906/22ATGC03,22,TEHUANTEPEC,20,OAXACA,JUCHITÁN  DE ZARAGOZA,369,RÍO LOS PERROS 2,35098000.00,RÍO TEHUANTEPEC (PRESA DE ALMACENAMIENTO BENITO JUÁREZ),RÍO TEHUANTEPEC,1
05OAX401907/22ATGC03,22,TEHUANTEPEC,20,OAXACA,JUCHITÁN DE ZARAGOZA Y UNIÓN HIDALGO,372,RÍO ESPÍRITU SANTO 2,44267000.00,RÍO TEHUANTEPEC (PRESA DE ALMACENAMIENTO BENITO JUÁREZ),RÍO TEHUANTEPEC,1
05OAX401908/22ATGC03,22,TEHUANTEPEC,20,OAXACA,ASUNCIÓN IXTALTEPEC Y COMITANCILLO,369,RÍO LOS PERROS 2,21688000.00,RÍO TEHUANTEPEC (PRESA DE ALMACENAMIENTO BENITO JUÁREZ),RÍO TEHUANTEPEC,1
05OAX401909/22ATGC03,22,TEHUANTEPEC,20,OAXACA,ASUNCIÓN IXTALTEPEC,372,RÍO ESPÍRITU SANTO 2,15542000.00,RÍO TEHUANTEPEC (PRESA DE ALMACENAMIENTO BENITO JUÁREZ),RÍO TEHUANTEPEC,1
05OAX401910/22ATGC09,22,TEHUANTEPEC,20,OAXACA,JUCHITÁN DE ZARAGOZA,372,RÍO ESPÍRITU SANTO 2,11982900.00,RÍO TEHUANTEPEC (PRESA DE ALMACENAMIENTO BENITO JUÁREZ),RÍO TEHUANTEPEC,1
05OAX401912/22ATDA14,22,TEHUANTEPEC,20,OAXACA,JUCHITAN DE ZARAGOZA,366,RÍO TEHUANTEPEC 1,32361500.00,RÍO TEHUANTEPEC (PRESA DE ALMACENAMIENTO BENITO JUÀREZ),RÍO TEHUANTEPEC,1
05OAX401911/22ATDA13,22,TEHUANTEPEC,20,OAXACA,JUCHITÁN DE ZARAGOZA,366,RÍO TEHUANTEPEC 1,57696600.00,RÍO TEHUANTEPEC (PRESA DE ALMACENAMIENTO BENITO JUÁREZ),RÍO TEHUANTEPEC,1
05OAX401902/22ATGC03,22,TEHUANTEPEC,20,OAXACA,"SANTO DOMINGO TEHUANTEPEC, SANTA MARÍA MIXTEQUILLA Y SAN BLAS ATEMPA",369,RÍO LOS PERROS 2,23624000.00,RÍO TEHUANTEPEC (PRESA DE ALMACENAMIENTO BENITO JUÁREZ),RÍO TEHUANTEPEC,1
05OAX411001/20ATGC00,20,COSTA CHICA DE GUERRERO,20,OAXACA,SAN PEDRO TUTUTEPEC,344,RÍO VERDE,15723000.00,RÍO VERDE (PRESA DERIVADORA RICARDO FLORES MAGÓN),NO APLICA,1
05OAX411002/20ATGC00,20,COSTA CHICA DE GUERRERO,20,OAXACA,SANTIAGO JAMILTEPEC,344,RÍO VERDE,7355000.00,RÍO VERDE (PRESA DERIVADORA RICARDO FLORES MAGÓN),NO APLICA,1
04PUE403001/18ATGC99,18,BALSAS,21,PUEBLA,"ATOYATEMPAN, TECALI DE HERRERA, SANTO TOMÁS HUEYOTLIPAN, SANTA CLARA HUITZILTEPEC, SANTA ISABEL TLANEPANTLA, TOCHTEPEC Y TEPEYAHUALCO DE CUAUHTÉMOC",270,RÍO ALTO ATOYAC,35321000.00,PRESA MANUEL AVILA CAMACHO,RIO ATOYAC,1
04PUE403002/18ATGC99,18,BALSAS,21,PUEBLA,"TECAMACHALCO DE VICENTE GUERRERO, SANTO TOMÁS HUEYOTLIPAN, CUAPIAXTLA DE MADERO, SAN SALVADOR HUIXCOLOTLA Y TOCHTEPEC",275,RÍO BAJO ATOYAC,47832000.00,PRESA MANUEL AVILA CAMACHO,RIO ATOYAC,1
04PUE403003/18ATGC99,18,BALSAS,21,PUEBLA,TECAMACHALCO DE VICENTE GUERRERO Y SAN SIMÓN YEHUALTEPEC,275,RÍO BAJO ATOYAC,25323000.00,PRESA MANUEL AVILA CAMACHO,RIO ATOYAC,1
04PUE403004/18ATGC99,18,BALSAS,21,PUEBLA,"SAN SIMÓN YEHUALTEPEC, TLACOTEPEC DE BENITO JUÁREZ Y TEPANCO DE LÓPEZ",275,RÍO BAJO ATOYAC,51316000.00,PRESA MANUEL AVILA CAMACHO,RIO ATOYAC,1
04PUE403005/18ATGC99,18,BALSAS,21,PUEBLA,XOCHITLÁN TODOS SANTOS,275,RÍO BAJO ATOYAC,24937000.00,PRESA MANUEL AVILA CAMACHO,RIO ATOYAC,1
04PUE403006/18ATGC99,18,BALSAS,21,PUEBLA,TEPANCO DE LÓPEZ,275,RÍO BAJO ATOYAC,44701000.00,PRESA MANUEL AVILA CAMACHO,RIO ATOYAC,1
09QRO402301/26ATGC00,26,PÁNUCO,22,QUERÉTARO,SAN JUAN DEL RÍO,489,RÍO SAN JUAN 1,15525200.00,PRESA SAN ILDEFONSO Y B. LA LLAVE,RÍO SAN JUAN,1
09QRO402302/26ATGC00,26,PÁNUCO,22,QUERÉTARO,SA N JUAN DEL RÍO Y PEDRO ESCOBEDO,489,RÍO SAN JUAN 1,23502600.00,PRESA SAN ILDEFONSO Y CONSTITUCIÓN DE 1917,RÍO SAN JUAN,1
09QRO402303/26ATGC00,26,PÁNUCO,22,QUERÉTARO,PEDRO ESCOBEDO,489,RÍO SAN JUAN 1,1418300.00,BORDO LA VENTA,RÍO SAN JUAN,1
09SLP409201/26ATOC13,26,PÁNUCO,24,SAN LUIS POTOSÍ,TAMUÍN Y ÉBANO,544,RÍO MOCTEZUMA 5,6412000.00,"RÍO TAMPAÓN, PLANTA DE BOMBEO EL PORVENIR",RÍO TAMPAÓN,1
09SLP409202/26ATOC13,26,PÁNUCO,30,VERACRUZ DE IGNACIO DE LA LLAVE,PÁNUCO,544,RÍO MOCTEZUMA 5,30864000.00,RÍO TAMPAÓN - PLANTA DE BOMBEO EL PROVENIR,RÍO TAMPAÓN,1
09SLP409203/26ATOC13,26,PÁNUCO,24,SAN LUIS POTOSÍ,TAMUÍN Y ÉBANO,544,RÍO MOCTEZUMA 5,45923880.00,"RÍO TAMPAÓN, PLANTA DE BOMBEO EL PORVENIR",RÍO TAMPAÓN,1
09SLP409204/26ATOC13,26,PÁNUCO,24,SAN LUIS POTOSÍ,TAMUÍN Y ÉBANO,544,RÍO MOCTEZUMA 5,63077760.00,"RÍO TAMPAÓN, PLANTA DE BOMBEO EL PORVENIR",RÍO TAMPAÓN,1
09SLP409205/26ATOC13,26,PÁNUCO,24,SAN LUIS POTOSÍ,ÉBANO,544,RÍO MOCTEZUMA 5,23994000.00,"RÍO TAMPAÓN, PLANTA DE BOMBEO EL PORVENIR",RÍO TAMPAÓN,1
09SLP409206/26ATOC13,26,PÁNUCO,24,SAN LUIS POTOSÍ,TAMUÍN Y ÉBANO,544,RÍO MOCTEZUMA 5,31860000.00,"RÍO TAMPAÓN, PLANTA DE BOMBEO EL PORVENIR",RÍO TAMPAÓN,1
09SLP409207/26ATOC13,26,PÁNUCO,30,VERACRUZ DE IGNACIO DE LA LLAVE,"PÁNUCO, VER.,  Y ÉBANO, S.L.P.",544,RÍO MOCTEZUMA 5,64063000.00,"RÍO TAMPAÓN, PLANTA DE BOMBEO EL PORVENIR",RÍO TAMPAÓN,1
09SLP409208/26ATOC13,26,PÁNUCO,30,VERACRUZ DE IGNACIO DE LA LLAVE,"PÁNUCO, VER., Y ÉBANO, S.L.P.",544,RÍO MOCTEZUMA 5,37356000.00,"RÍO TAMPAÓN, PLANTA DE BOMBEO EL PORVENIR",RÍO TAMPAÓN,1
09SLP409209/26ATOC13,26,PÁNUCO,30,VERACRUZ DE IGNACIO DE LA LLAVE,"PÁNUCO, VER., Y ÉBANO, S.L.P.",544,RÍO MOCTEZUMA 5,66629940.00,"RÍO TAMPAÓN, PLANTA DE BOMBEO EL PORVENIR",RÍO TAMPAÓN,1
09SLP404901/26ATGC00,26,PÁNUCO,24,SAN LUIS POTOSÍ,RÍO VERDE Y CD. FERNÁNDEZ,505,RÍO VERDE 2,46886500.00,MANANTIAL MEDIA LUNA,NO APLICA,1
03SIN401002/10ATGC00,10,SINALOA,25,SINALOA,NAVOLATO,124,RÍO CULIACÁN,63600000.00,PRESA DE ALMACENAMIENTO: SANALONA Y LIC. ADOLFO LOPEZ MATEOS. (ING. CARLOS CARVAJAL Z.),RIO CULIACAN,1
03SIN401003/10ATGC00,10,SINALOA,25,SINALOA,NAVOLATO,124,RÍO CULIACÁN,132300000.00,PRESAS DE ALMACENAMIENTO: SANALONA Y LIC. ADOLFO LOPEZ MATEOS (ING. CARLOS CRVAJAL),RIO CULIACAN,1
03SIN401004/10ATGC00,10,SINALOA,25,SINALOA,CULIACÁN,124,RÍO CULIACÁN,258300000.00,PRESA DE ALMACENAMIENTO JOSE LOPEZ PORTILLO (ING. CARLOS CARVAJAL Z. Y SAN LORENZO),RIO CULIACAN Y RIO SAN LORENZO,1
03SIN401005/10ATGC00,10,SINALOA,25,SINALOA,CULIACÁN,124,RÍO CULIACÁN,137900000.00,PRESAS DE ALMACENAMIENTO: SANALONA Y LIC. JOSE LOPEZ PORTILLO (ING. CARLOS CARVAJAL Z. Y SAN LORENZO),RIO CULIACAN Y EL RIO SAN LORENZO,1
03SIN401006/10ATGC00,10,SINALOA,25,SINALOA,CULIACÁN,124,RÍO CULIACÁN,282700000.00,PRESAS DE ALMACENAMIENTO: SANALONA Y LIC. JOSE LOPEZ PORTILLO (ING. CARLOS CARVAJAL Y SAN LORENZO),RIO CULIACAN Y EL RIO SAN LORENZO,1
03SIN401007/10ATGC00,10,SINALOA,25,SINALOA,CULIACÁN Y NAVOLATO,124,RÍO CULIACÁN,143400000.00,"PRESA ALMACENAMIENTO, LIC. ADOLFO LOPEZ MATEOS (ANDREW WEISS)",RÍO HUMAYA,1
03SIN401008/10ATGC00,10,SINALOA,25,SINALOA,CULIACAN Y MOCORITO,124,RÍO CULIACÁN,113700000.00,"PRESA DE ALMACENAMIENTO, LIC. ADOLFO LOPEZ MATEOS (ANDREW WEISS)",RIO HUMAYA,1
03SIN401009/10ATGC00,10,SINALOA,25,SINALOA,"CULIACÁN, MOCORITO Y NAVOLATO",124,RÍO CULIACÁN,85600000.00,"PRESA ALMACENAMIENTO, LIC. ADOLFO LOPEZ MATEOS (ANDREW WEISS)",RÍO HUMAYA,1
03SIN401010/10ATGC00,10,SINALOA,25,SINALOA,MOCORITO,124,RÍO CULIACÁN,138100000.00,PRESA DE ALMACENAMIENTO: LIC. ADOLFO LOPEZ MATEOS (ANDREW WEISS),RIO HUMAYA,1
03SIN401012/10ATGC00,10,SINALOA,25,SINALOA,ANGOSTURA Y SALVADOR ALVARADO,124,RÍO CULIACÁN,266400000.00,"PRESA ALMACENAMIENTO, LIC. ADOLFO LOPEZ MATEOS (ANDREW WEISS)",RÍO HUMAYA,1
03SIN407402/10ATGC00,10,SINALOA,25,SINALOA,SALVADOR ALVARADO,119,RÍO MOCORITO 2,169700000.00,PRESA DE ALMACENAMIENTO: EUSTAQUIO BUELNA Y LIC. ADOLFO LOPEZ MATEOS (ANDREW WEISS Y EUSTAQUIO BUELNA),RIO MOCORITO Y RIO HUMAYA,1
03SIN410901/10ATGC00,10,SINALOA,25,SINALOA,CULIACÁN,121,RÍO SAN LORENZO 2,188300000.00,PRESA DE ALMACENAMIENTO LIC. JOSÉ LÓPEZ PORTILLO (SAN LORENZO),RÍO SAN LORENZO,1
03SIN410902/10ATGC00,10,SINALOA,26,SONORA,CULIACAN,121,RÍO SAN LORENZO 2,93500000.00,"PRESA DE ALMACENAMIENTO, LIC. JOSE LOPEZ PORTILLO (SAN LORENZO)",RIO SAN LORENZO,1
03SIN410903/10ATGC00,10,SINALOA,25,SINALOA,CULIACAN,121,RÍO SAN LORENZO 2,148500000.00,PRESA DE ALMACENAMIENTO: LIC. JOSE LOPEZ PORTILLO (SAN LORENZO),RIO SAN LOREZO,1
03SIN407501/10ATGC01,10,SINALOA,25,SINALOA,GUASAVE,128,RÍO FUERTE 2,225336000.00,PRESA DE ALMACENAMIENTO MIGUEL HIDALGO,RÍO FUERTE,1
03SIN407502/10ATGC01,10,SINALOA,25,SINALOA,GUASAVE,128,RÍO FUERTE 2,250299000.00,PRESA DE ALMACENAMIENTO MIGUEL HIDALGO,RÍO FUERTE,1
03SIN407503/10ATGC01,10,SINALOA,25,SINALOA,GUASAVE,128,RÍO FUERTE 2,163766000.00,PRESA DE ALMACENAMIENTO MIGUEL HIDALGO,RÍO FUERTE,1
03SIN407504/10ATGC01,10,SINALOA,25,SINALOA,"GUASAVE, SINALOA DE LEYVA Y AHOME",128,RÍO FUERTE 2,217069000.00,PRESA DE ALMACENAMIENTO MIGUEL HIDALGO,RÍO FUERTE,1
03SIN407505/10ATGC01,10,SINALOA,25,SINALOA,GUASAVE Y AHOME,128,RÍO FUERTE 2,139101000.00,PRESA DE ALMACENAMIENTO MIGUEL HIDALGO,RÍO FUERTE,1
03SIN407508/10ATGC01,10,SINALOA,25,SINALOA,AHOME,128,RÍO FUERTE 2,268729000.00,PRESA DE ALMACENAMIENTO MIGUEL HIDALGO,RÍO FUERTE,1
03SIN407509/10ATGC01,10,SINALOA,25,SINALOA,AHOME,128,RÍO FUERTE 2,217826000.00,PRESA DE ALMACENAMIENTO MIGUEL HIDALGO,RÍO FUERTE,1
03SIN407510/10ATGC01,10,SINALOA,25,SINALOA,AHOME,128,RÍO FUERTE 2,170840000.00,PRESA DE ALMACENAMIENTO MIGUEL HIDALGO,RÍO FUERTE,1
03SIN407511/10ATGC01,10,SINALOA,25,SINALOA,AHOME Y EL FUERTE,128,RÍO FUERTE 2,80195000.00,PRESA DE ALMACENAMIENTO MIGUEL HIDALGO,RÍO FUERTE,1
03SIN407606/10ATGC01,10,SINALOA,25,SINALOA,EL FUERTE,128,RÍO FUERTE 2,17326000.00,PRESA DE ALMACENAMIENTO JOSEFA ORTIZ DE DOMÍNGUEZ,RÍO EL FUERTE Y ARROYO ÁLAMOS,1
03SIN407606/10ATGC01,10,SINALOA,25,SINALOA,EL FUERTE,128,RÍO FUERTE 2,2765000.00,"PRESA MIGUEL HIDALGO (BOMBEO DIRECTO DEL RÍO FUERTE, AGUAS ABAJO DE LA PRESA, MARGEN DERECHA)",RÍO EL FUERTE,2
03SIN407607/10ATGC01,10,SINALOA,25,SINALOA,AHOME,128,RÍO FUERTE 2,26888000.00,PRESA DE ALMACENAMIENTO JOSEFA ORTIZ DE DOMÍNGUEZ,RÍO FUERTE Y ARROYO ÁLAMOS,1
03SIN407607/10ATGC01,10,SINALOA,25,SINALOA,AHOME Y EL FUERTE,128,RÍO FUERTE 2,21521000.00,"PRESA MIGUEL HIDALGO (BOMBEO DIRECTO DEL RÍO FUERTE, AGUAS ABAJO DE LA PRESA, MARGEN IZQUIERDA)",RÍO FUERTE,2
03SIN407608/10ATGC01,10,SINALOA,25,SINALOA,EL FUERTE,128,RÍO FUERTE 2,15700000.00,"PRESA MIGUEL HIDALGO (BOMBEO DIRECTO DEL RÍO FUERTE, ABUAS ABAJO DE LA PRESA)",RÍO FUERTE,1
03SIN410904/10ATGC00,10,SINALOA,25,SINALOA,CULIACÁN,121,RÍO SAN LORENZO 2,196900000.00,PRESA DE ALMACENAMIENTO LIC. JOSÉ LÓPEZ PORTILLO (SAN LORENZO),RÍO SAN LORENZO,1
03SIN407609/10ATGC08,10,SINALOA,26,SONORA,ÁLAMOS,128,RÍO FUERTE 2,38000000.00,SUBSISTEMA DE PRESAS MIGUEL HIDALGO-JOSEFA ORTIZ DE DOMÍNGUEZ,RÍO FUERTE,1
03SIN407506/10ATOC09,10,SINALOA,25,SINALOA,AHOME Y EL FUERTE,128,RÍO FUERTE 2,379436000.00,PRESA DE ALMACENAMIENTO MIGUEL HIDALGO,RÍO FUERTE,1
03SIN407507/10ATOC09,10,SINALOA,25,SINALOA,AHOME Y EL FUERTE,128,RÍO FUERTE 2,277715000.00,PRESA DE ALMACENAMIENTO MIGUEL HIDALGO,RÍO FUERTE,1
03SIN406302/10ATGC00,10,SINALOA,25,SINALOA,GUASAVE,134,RÍO SINALOA 2,220829000.00,PRESA DE ALMACENAMIENTO GUSTAVO DÍAZ ORDAZ,RÍO SINALOA,1
03SIN406303/10ATGC00,10,SINALOA,25,SINALOA,GUASAVE Y SINALOA,134,RÍO SINALOA 2,217697000.00,PRESA DE ALMACENAMIENTO GUSTAVO DÍAZ ORDAZ,RÍO SINALOA,1
03SIN406304/10ATGC00,10,SINALOA,25,SINALOA,GUASAVE Y SINALOA,134,RÍO SINALOA 2,204000000.00,PRESA DE ALMACENAMIENTO GUSTAVO DÍAZ ORDAZ,RÍO SINALOA,1
03SIN406305/10ATGC00,10,SINALOA,25,SINALOA,SINALOA,134,RÍO SINALOA 2,125732000.00,PRESA DE ALMACENAMIENTO GUILLERMO BLAKE AGUILAR,ARROYO COCORONI,1
03SIN407601/10ATGC01,10,SINALOA,25,SINALOA,AHOME,124,RÍO CULIACÁN,98395000.00,PRESA DE ALMACENAMIENTO JOSEFA ORTÍZ DE DOMÍNGUEZ,RÍO FUERTE Y ARROYO ÁLAMOS,1
03SIN407602/10ATGC01,10,SINALOA,25,SINALOA,AHOME Y EL FUERTE,128,RÍO FUERTE 2,78492000.00,PRESA DE ALMACENAMIENTO JOSEFA ORTÍZ DE DOMÍNGUEZ,RÍO FUERTE Y ARROYO ÁLAMOS,1
03SIN407604/10ATGC01,10,SINALOA,25,SINALOA,AHOME Y EL FUERTE,128,RÍO FUERTE 2,108931000.00,PRESA DE ALMACENAMIENTO JOSEFA ORTÍZ DE DOMÍNGUEZ,RÍO FUERTE Y ARROYO ÁLAMOS,1
03SIN407603/10ATGC01,10,SINALOA,25,SINALOA,AHOME Y EL FUERTE,128,RÍO FUERTE 2,130868000.00,PRESA DE ALMACENAMIENTO JOSEFA ORTÍZ DE DOMÍNGUEZ,RÍO FUERTE Y ARROYO ÁLAMOS,1
03SIN406301/10ATOC08,10,SINALOA,25,SINALOA,GUASAVE Y SINALOA,134,RÍO SINALOA 2,285282000.00,PRESA DE ALMACENAMIENTO GUSTAVO DÍAZ ORDAZ,RÍO SINALOA,1
03SIN401001/10ATGC00,10,SINALOA,25,SINALOA,CULIACÁN Y NAVOLATO,124,RÍO CULIACÁN,81700000.00,PRESAS SANALONA Y LIC. ADOLFO LOPEZ MATEOS,RIO CULIACAN,1
03SIN401011/10ATGC00,10,SINALOA,25,SINALOA,ANGOSTURA  Y SALVADOR ALVARADO,124,RÍO CULIACÁN,213600000.00,PRESA DE ALMACENAMIENTO: LIC. ADOLFO LOPEZ MATEOS (ADREW WEISS),RIO HUMAYA,1
03SIN407401/10ATGC00,10,SINALOA,25,SINALOA,SALVADOR ALVARADO,119,RÍO MOCORITO 2,230800000.00,"PRESA DE ALMACENAMIENTO, EUSTAQUIO BUELNA Y LIC. ASOLFO LOPEZ MATEOS (ANDREW WEISS Y EUSTAQUIO BUELNA)",RIO MOCORITO Y RIO HUMAYA,1
03SIN407512/10ATGC01,10,SINALOA,25,SINALOA,GUASAVE Y SINALOA DE LEYVA,128,RÍO FUERTE 2,141891000.00,PRESA DE ALMACENAMIENTO MIGUEL HIDALGO,RÍO FUERTE,1
03SIN407513/10ATOC09,10,SINALOA,25,SINALOA,EL FUERTE,128,RÍO FUERTE 2,90911000.00,PRESA DE ALMACENAMIENTO MIGUEL HIDALGO,RÍO FUERTE,1
03SIN410802/10ATGC00,10,SINALOA,25,SINALOA,ELOTA,115,RÍO ELOTA,206907000.00,PRESA DE ALMACENAMIENTO AURELIO BENASSINI VIZCAÍNO (EL SALTO),RÍO ELOTA,1
02SON403801/09ATGC00,9,SONORA SUR,26,SONORA,HUATABAMPO,109,RÍO MAYO 3,56452000.00,PRESA DE ALMACENAMIENTO PRESIDENTE ADOLFO RUÍZ CORTINES,RÍO MAYO,1
02SON403802/09ATGC00,9,SONORA SUR,26,SONORA,ETCHOJOA Y HUATABAMPO,109,RÍO MAYO 3,62120000.00,PRESA PRESIDENTE ADOLFO RUÍZ CORTINES,RÍO MAYO,1
02SON403803/09ATGC00,9,SONORA SUR,26,SONORA,ETCHOJOA,109,RÍO MAYO 3,37355000.00,PRESA PRESIDENTE ADOLFO RUÍZ CORTINES,RÍO MAYO,1
02SON403804/09ATGC00,9,SONORA SUR,26,SONORA,ETCHOJOA Y NAVOJOA,109,RÍO MAYO 3,41294000.00,PRESA PRESIDENTE ADOLFO RUÍZ CORTINES,RÍO MAYO,1
02SON403805/09ATGC00,9,SONORA SUR,26,SONORA,NAVOJOA Y HUATABAMPO,109,RÍO MAYO 3,36979000.00,PRESA ORESIDENTE ADOLFO RUÍZ CORTINES,RÍO MAYO,1
02SON403806/09ATGC00,9,SONORA SUR,26,SONORA,ETCHOJOA Y HUATABAMPO,109,RÍO MAYO 3,55722000.00,PRESA PRESIDENTE ADOLFO RUÍZ CORTINES,RÍO MAYO,1
02SON403807/09ATGC00,9,SONORA SUR,26,SONORA,HUATABAMPO,109,RÍO MAYO 3,56127000.00,PRESA PRESIDENTE ADOLFO RUÍZ CORTINES,RÍO MAYO,1
02SON403808/09ATGC00,9,SONORA SUR,26,SONORA,ETCHOJOA Y HUATABAMPO,109,RÍO MAYO 3,26556000.00,PRESA PRESIDENTE ADOLFO RUÍZ CORTINES,RÍO MAYO,1
02SON403809/09ATGC00,9,SONORA SUR,26,SONORA,NAVOJOA Y HUATABAMPO,109,RÍO MAYO 3,43102000.00,PRESA PRESIDENTE ADOLFO RUÍZ CORTINES,RIO MAYO,1
02SON403810/09ATGC00,9,SONORA SUR,26,SONORA,NAVOJOA Y HUATABAMPO,109,RÍO MAYO 3,36314000.00,PRESA PRESIDENTE ADOLFO RUIZ CORTINES,RIO MAYO,1
02SON403811/09ATGC00,9,SONORA SUR,26,SONORA,NAVOJOA,109,RÍO MAYO 3,36359000.00,PRESA PRESIDENTE ADOLFO RUIZ CORTINES,RIO MAYO,1
02SON403812/09ATGC00,9,SONORA SUR,26,SONORA,NAVOJOA,109,RÍO MAYO 3,49512000.00,PRESA PRESIDENTE ADOLFO RUÍZ CORTINES,RÍO MAYO,1
02SON403813/09ATGC00,9,SONORA SUR,26,SONORA,NAVOJOA Y ETCHOJOA,109,RÍO MAYO 3,46068000.00,PRESA PRESIDENTE ADOLFO RUIZ CORTINES,RIO MAYO,1
02SON403814/09ATGC00,9,SONORA SUR,26,SONORA,NAVOJOA,109,RÍO MAYO 3,34847000.00,PRESA PRESIDENTE ADOLFO RUIZ CORTINES,RIO MAYO,1
02SON403815/09ATGC00,9,SONORA SUR,26,SONORA,ETCHOJOA,109,RÍO MAYO 3,42473000.00,PRESA PRESIDENTE ADOLFO RUIZ CORTINES,RIO MAYO,1
02SON403816/09ATGC00,9,SONORA SUR,26,SONORA,NAVOJOA,109,RÍO MAYO 3,28326000.00,PRESA PRESIDENTE ADOLFO RUIZ CORTINES,RIO MAYO,1
02SON404104/09ATGC00,9,SONORA SUR,26,SONORA,SAN IGNACIO RÍO MUERTO,105,RÍO YAQUI 3,16533000.00,PRESA DE ALMACENAMIENTO ÁLVARO OBREGÓN (OVIACHIC),RÍO YAQUI,1
02SON404105/09ATGC00,9,SONORA SUR,26,SONORA,SAN IGNACIO RÍO MUERTO,105,RÍO YAQUI 3,42935000.00,PRESA DE ALMACENAMIENTO ÁLVARO OBREGÓN (OVIACHIC),RÍO YAQUI,1
02SON404106/09ATGC00,9,SONORA SUR,26,SONORA,SAN IGNACIO RÍO MUERTO,105,RÍO YAQUI 3,52320000.00,PRESA DE ALMACENAMIENTO ÁLVARO OBREGÓN (OVIACHIC),RÍO YAQUI,1
02SON404107/09ATGC00,9,SONORA SUR,26,SONORA,SAN IGNACIO RÍO MUERTO,105,RÍO YAQUI 3,40833000.00,PRESA DE ALMACENAMIENTO ÁLVARO OBREGÓN (OVIACHIC),RÍO YAQUI,1
02SON404108/09ATGC00,9,SONORA SUR,26,SONORA,SAN IGNACIO RÍO MUERTO,105,RÍO YAQUI 3,62972000.00,PRESA DE ALMACENAMIENTO ÁLVARO OBREGÓN (OVIACHIC),RÍO YAQUI,1
02SON404109/09ATGC00,9,SONORA SUR,26,SONORA,CAJEME,105,RÍO YAQUI 3,10372000.00,PRESA DE ALMACENAMIENTO ÁLVARO OBREGÓN (OVIACHIC),RÍO YAQUI,1
02SON404110/09ATGC00,9,SONORA SUR,26,SONORA,ETCHOJOA,105,RÍO YAQUI 3,29417000.00,PRESA DE ALMACENAMIENTO ÁLVARO OBREGÓN (OVIACHIC),RÍO YAQUI,1
02SON404111/09ATGC00,9,SONORA SUR,26,SONORA,"BENITO JUÁREZ, CAJEME Y NAVOJOA",105,RÍO YAQUI 3,37097000.00,PRESA DE ALMACENAMIENTO ÁLVARO OBREGÓN (OVIACHIC),RÍO YAQUI,1
02SON404112/09ATGC00,9,SONORA SUR,26,SONORA,CAJEME Y BACUM,105,RÍO YAQUI 3,65470000.00,PRESA DE ALMACENAMIENTO ÁLVARO OBREGÓN (OVIACHIC),RÍO YAQUI,1
02SON404113/09ATGC00,9,SONORA SUR,26,SONORA,CAJEME,105,RÍO YAQUI 3,79975000.00,PRESA DE ALMACENAMIENTO ÁLVARO OBREGÓN (OVIACHIC),RÍO YAQUI,1
02SON404114/09ATGC00,9,SONORA SUR,26,SONORA,CAJEME Y BENITO JUÁREZ,105,RÍO YAQUI 3,30887000.00,PRESA DE ALMACENAMIENTO ÁLVARO OBREGÓN (OVIACHIC),RÍO YAQUI,1
02SON404115/09ATGC00,9,SONORA SUR,26,SONORA,CAJEME,105,RÍO YAQUI 3,18114000.00,PRESA DE ALMACENAMIENTO ÁLVARO OBREGÓN (OVIACHIC),RÍO YAQUI,1
02SON404116/09ATGC00,9,SONORA SUR,26,SONORA,CAJEME Y BACUM,105,RÍO YAQUI 3,69518000.00,PRESA DE ALMACENAMIENTO ÁLVARO OBREGÓN (OVIACHIC),RÍO YAQUI,1
02SON404117/09ATGC00,9,SONORA SUR,26,SONORA,"CAJEME, BACUM Y SAN IGNACIO RÍO MUERTO",105,RÍO YAQUI 3,72157000.00,PRESA DE ALMACENAMIENTO ÁLVARO OBREGÓN (OVIACHIC),RÍO YAQUI,1
02SON404118/09ATGC00,9,SONORA SUR,26,SONORA,CAJEME Y BACUM,105,RÍO YAQUI 3,61485000.00,PRESA DE ALMACENAMIENTO ÁLVARO OBREGÓN (OVIACHIC),RÍO YAQUI,1
02SON404119/09ATGC00,9,SONORA SUR,26,SONORA,CAJEME,105,RÍO YAQUI 3,65893000.00,PRESA DE ALMACENAMIENTO ÁLVARO OBREGÓN (OVIACHIC),RÍO YAQUI,1
02SON404120/09ATGC00,9,SONORA SUR,26,SONORA,CAJEME,105,RÍO YAQUI 3,38150000.00,PRESA DE ALMACENAMIENTO ÁLVARO OBREGÓN (OVIACHIC),RÍO YAQUI,1
02SON404121/09ATGC00,9,SONORA SUR,26,SONORA,ETCHOJOA,105,RÍO YAQUI 3,30040000.00,PRESA DE ALMACENAMIENTO ÁLVARO OBREGÓN (OVIACHIC),RÍO YAQUI,1
02SON404122/09ATGC00,9,SONORA SUR,26,SONORA,CAJEME,105,RÍO YAQUI 3,8111000.00,PRESA DE ALMACENAMIENTO ÁLVARO OBREGÓN (OVIACHIC),RÍO YAQUI,1
02SON404123/09ATGC00,9,SONORA SUR,26,SONORA,CAJEME,105,RÍO YAQUI 3,22815000.00,PRESA DE ALMACENAMIENTO ÁLVARO OBREGÓN (OVIACHIC),RÍO YAQUI,1
02SON404124/09ATGC00,9,SONORA SUR,26,SONORA,CAJEME,105,RÍO YAQUI 3,29833000.00,PRESA DE ALMACENAMIENTO ÁLVARO OBREGÓN (OVIACHIC),RÍO YAQUI,1
02SON404125/09ATGC00,9,SONORA SUR,26,SONORA,SINALOA,105,RÍO YAQUI 3,36311000.00,PRESA DE ALMACENAMIENTO ÁLVARO OBREGÓN (OVIACHIC),RÍO YAQUI,1
02SON404126/09ATGC00,9,SONORA SUR,26,SONORA,CAJEME,105,RÍO YAQUI 3,16337000.00,PRESA DE ALMACENAMIENTO ÁLVARO OBREGÓN (OVIACHIC),RÍO YAQUI,1
02SON404127/09ATGC00,9,SONORA SUR,26,SONORA,CAJEME,105,RÍO YAQUI 3,5824000.00,PRESA DE ALMACENAMIENTO ÁLVARO OBREGÓN (OVIACHIC),RÍO YAQUI,1
02SON404128/09ATGC00,9,SONORA SUR,26,SONORA,CAJEME,105,RÍO YAQUI 3,36082000.00,PRESA DE ALMACENAMIENTO ÁLVARO OBREGÓN (OVIACHIC),RÍO YAQUI,1
02SON404129/09ATGC00,9,SONORA SUR,29,TLAXCALA,CAJEME,105,RÍO YAQUI 3,64860000.00,PRESA DE ALMACENAMIENTO ÁLVARO OBREGÓN (OVIACHIC),RÍO YAQUI,1
02SON404130/09ATGC00,9,SONORA SUR,26,SONORA,BENITO JUÁREZ,105,RÍO YAQUI 3,48309000.00,PRESA DE ALMACENAMIENTO ÁLVARO OBREGÓN (OVIACHIC),RÍO YAQUI,1
02SON404131/09ATGC00,9,SONORA SUR,26,SONORA,BENITO JUÁREZ,105,RÍO YAQUI 3,37740000.00,PRESA DE ALMACENAMIENTO ÁLVARO OBREGÓN (OVIACHIC),RÍO YAQUI,1
02SON404132/09ATGC00,9,SONORA SUR,26,SONORA,ETCHOJOA,105,RÍO YAQUI 3,64554000.00,PRESA DE ALMACENAMIENTO ÁLVARO OBREGÓN (OVIACHIC),RÍO YAQUI,1
02SON404133/09ATGC00,9,SONORA SUR,26,SONORA,ETCHOJOA,105,RÍO YAQUI 3,21943000.00,PRESA DE ALMACENAMIENTO ÁLVARO OBREGÓN (OVIACHIC),RÍO YAQUI,1
02SON404135/09ATGC00,9,SONORA SUR,26,SONORA,CAJEME,105,RÍO YAQUI 3,11524000.00,PRESA DE ALMACENAMIENTO ÁLVARO OBREGÓN (OVIACHIC),RÍO YAQUI,1
02SON404137/09ATGC00,9,SONORA SUR,26,SONORA,"CAJEME, BACUM Y SAN IGNACIO RÍO MUERTO",105,RÍO YAQUI 3,64886000.00,PRESA DE ALMACENAMIENTO ÁLVARO OBREGÓN (OVIACHIC),RÍO YAQUI,1
02SON404138/09ATGC00,9,SONORA SUR,26,SONORA,ETCHOJOA,105,RÍO YAQUI 3,39082000.00,PRESA DE ALMACENAMIENTO ÁLVARO OBREGÓN (OVIACHIC),RÍO YAQUI,1
02SON404139/09ATGC00,9,SONORA SUR,26,SONORA,ETCHOJOA,105,RÍO YAQUI 3,21933000.00,PRESA DE ALMACENAMIENTO ÁLVARO OBREGÓN (OVIACHIC),RÍO YAQUI,1
02SON404140/09ATGC00,9,SONORA SUR,26,SONORA,"CAJEME, BACUM Y SAN IGNACIO RÍO MUERTO",105,RÍO YAQUI 3,71581000.00,PRESA DE ALMACENAMIENTO ÁLVARO OBREGÓN (OVIACHIC),RÍO YAQUI,1
02SON404141/09ATGC00,9,SONORA SUR,26,SONORA,BENITO JUÁREZ,105,RÍO YAQUI 3,38977000.00,PRESA DE ALMACENAMIENTO ÁLVARO OBREGÓN (OVIACHIC),RÍO YAQUI,1
02SON404142/09ATGC00,9,SONORA SUR,26,SONORA,BENITO JUÁREZ,105,RÍO YAQUI 3,35529000.00,PRESA DE ALMACENAMIENTO ÁLVARO OBREGÓN (OVIACHIC),RÍO YAQUI,1
02SON403702/08ATGC00,8,SONORA NORTE,26,SONORA,"ATIL, OQUITOA Y ALTAR",92,RÍO MAGDALENA,16386000.00,PRESA DE ALMACENAMIENTO CUAUHTÉMOC,RÍO ALTAR,1
06TAM402613/24ATGC00,24,BRAVO-CONCHOS,28,TAMAULIPAS,MIER,439,RÍO BRAVO 12,7422000.00,RÍO BRAVO (BOMBEO DIRECTO),RÍO BRAVO,1
09TAM408601/25ATGC03,25,SAN FERNANDO-SOTO LA MARINA,28,TAMAULIPAS,ABASOLO,450,RÍO SOTO LA MARINA 1,37776000.00,PRESA DE ALMACENAMIENTO VICENTE GUERRERO CONSUMADOR DE LA INDEPENDENCIA NACIONAL,RÍO SOTO LA MARINA,1
09TAM400201/26ATOC11,26,PÁNUCO,28,TAMAULIPAS,CIUDAD MANTE,539,RÍO GUAYALEJO 3,165768000.00,"RÍOS MANTE, GUAYALEJO Y FRÍO (PRESA DERIVADORA LA AGUJA; PLANTAS DE BOMBEO SACA DE AGUA, ZAPOTAL Y LA RAYA)",RÍO GUAYALEJO,1
09TAM409207/26ATGC00,26,PÁNUCO,28,TAMAULIPAS,MANTE,542,RÍO GUAYALEJO 4,9080000.00,PRESA DE ALMACENAMIENTO RAMIRO CABALLERO,RÍO TAMESÍ,1
06TAM402501/24ATGC00,24,BRAVO-CONCHOS,28,TAMAULIPAS,MATAMOROS Y RÍO BRAVO,439,RÍO BRAVO 12,199478000.00,PRESA DERIVADORA ANZALDÚAS,RÍO BRAVO,1
06TAM402501/24ATGC00,24,BRAVO-CONCHOS,28,TAMAULIPAS,MATAMOROS Y RÍO BRAVO,439,RÍO BRAVO 12,6732000.00,RÍO BRAVO (BOMBEO DIRECTO),RÍO BRAVO,2
06TAM402503/24ATGC00,24,BRAVO-CONCHOS,28,TAMAULIPAS,VALLE HERMOSO,439,RÍO BRAVO 12,128183000.00,PRESA DERIVADORA ANZALDÚAS,RÍO BRAVO,1
06TAM402504/24ATGC00,24,BRAVO-CONCHOS,28,TAMAULIPAS,REYNOSA Y RÍO BRAVO,439,RÍO BRAVO 12,20572000.00,PRESA DERIVADORA ANZALDÚAS,RÍO BRAVO,1
06TAM402504/24ATGC00,24,BRAVO-CONCHOS,28,TAMAULIPAS,REYNOSA Y RÍO BRAVO,439,RÍO BRAVO 12,2388000.00,RÍO BRAVO (BOMBEO DIRECTO),RÍO BRAVO,2
06TAM402506/24ATGC00,24,BRAVO-CONCHOS,28,TAMAULIPAS,RÍO BRAVO,439,RÍO BRAVO 12,97189000.00,PRESA DERIVADORA ANZALDÚAS,RÍO BRAVO,1
06TAM402508/24ATGC00,24,BRAVO-CONCHOS,28,TAMAULIPAS,VALLE HERMOSO Y RÍO BRAVO,439,RÍO BRAVO 12,85502000.00,PRESA DERIVADORA ANZALDÚAS,RÍO BRAVO,1
06TAM402509/24ATGC00,24,BRAVO-CONCHOS,28,TAMAULIPAS,VALLE HERMOSO,439,RÍO BRAVO 12,61434000.00,PRESA DERIVADORA ANZALDÚAS,RÍO BRAVO,1
06TAM402601/24ATGC00,24,BRAVO-CONCHOS,28,TAMAULIPAS,MIGUEL ALEMÁN Y CAMARGO,438,RÍO SAN JUAN 3,36634000.00,PRESA DE ALMACENAMIENTO MARTE R. GÓMEZ Y DERIVADORA LAS BLANCAS,RÍO BRAVO,1
06TAM402602/24ATGC00,24,BRAVO-CONCHOS,28,TAMAULIPAS,CAMARGO,438,RÍO SAN JUAN 3,34446000.00,PRESA DE ALMACENAMIENTO MARTE R. GÓMEZ Y DERIVADORA LAS BLANCAS,RÍO BRAVO,1
06TAM402603/24ATGC00,24,BRAVO-CONCHOS,28,TAMAULIPAS,"CAMARGO, DÍAZ ORDAZ Y REYNOSA",438,RÍO SAN JUAN 3,54075000.00,PRESA DE ALMACENAMIENTO MARTE R. GÓMEZ Y DERIVADORA LAS BLANCAS,RÍO BRAVO,1
06TAM402604/24ATGC00,24,BRAVO-CONCHOS,28,TAMAULIPAS,DÍAZ ORDAZ Y REYNOSA,438,RÍO SAN JUAN 3,44015000.00,PRESA DE ALMACENAMIENTO MARTE R. GÓMEZ Y DERIVADORA LAS BLANCAS,RÍO BRAVO,1
06TAM402605/24ATGC00,24,BRAVO-CONCHOS,28,TAMAULIPAS,DÍAZ ORDAZ Y REYNOSA,438,RÍO SAN JUAN 3,21922000.00,PRESA DE ALMACENAMIENTO MARTE R. GÓMEZ Y DERIVADORA LAS BLANCAS,RÍO BRAVO,1
06TAM402606/24ATGC00,24,BRAVO-CONCHOS,28,TAMAULIPAS,REYNOSA,438,RÍO SAN JUAN 3,13321000.00,PRESA DE ALMACENAMIENTO MARTE R. GÓMEZ Y DERIVADORA LAS BLANCAS,RÍO BRAVO,1
06TAM402607/24ATGC00,24,BRAVO-CONCHOS,28,TAMAULIPAS,REYNOSA Y RÍO BRAVO,438,RÍO SAN JUAN 3,47017000.00,PRESA DE ALMACENAMIENTO MARTE R. GÓMEZ Y DERIVADORA LAS BLANCAS,RÍO BRAVO,1
06TAM402608/24ATGC00,24,BRAVO-CONCHOS,28,TAMAULIPAS,RÍO BRAVO,438,RÍO SAN JUAN 3,41311000.00,PRESA DE ALMACENAMIENTO MARTE R. GÓMEZ Y DERIVADORA LAS BLANCAS,RÍO BRAVO,1
06TAM402609/24ATGC00,24,BRAVO-CONCHOS,28,TAMAULIPAS,RÍO BRAVO,438,RÍO SAN JUAN 3,37083000.00,PRESA DE ALMACENAMIENTO MARTE R. GÓMEZ Y DERIVADORA LAS BLANCAS,RÍO BRAVO,1
06TAM402611/24ATGC00,24,BRAVO-CONCHOS,28,TAMAULIPAS,RÍO BRAVO,438,RÍO SAN JUAN 3,44520000.00,PRESA DE ALMACENAMIENTO MARTE R. GÓMEZ Y DERIVADORA LAS BLANCAS,RÍO BRAVO,1
06TAM402612/24ATGC00,24,BRAVO-CONCHOS,28,TAMAULIPAS,"MIER, MIGUEL ALEMÁN, CAMARGO, DÍAZ ORDAZ Y REYNOSA",439,RÍO BRAVO 12,33820000.00,RÍO BRAVO (BOMBEO DIRECTO),RÍO BRAVO,1
06TAM402610/24ATGC00,24,BRAVO-CONCHOS,28,TAMAULIPAS,RÍO BRAVO,438,RÍO SAN JUAN 3,48497000.00,PRESA DE ALMACENAMIENTO MARTE R. GÓMEZ Y DERIVADORA LAS BLANCAS,RÍO BRAVO,1
06TAM402502/24ATGC00,24,BRAVO-CONCHOS,28,TAMAULIPAS,MATAMOROS Y VALLE HERMOSO,439,RÍO BRAVO 12,113961000.00,PRESA DERIVADORA ANZALDÚAS,RÍO BRAVO,1
06TAM402505/24ATGC00,24,BRAVO-CONCHOS,28,TAMAULIPAS,MATAMOROS Y RÍO BRAVO,439,RÍO BRAVO 12,53616000.00,PRESA DERIVADORA ANZALDÚAS,RÍO BRAVO,1
06TAM402507/24ATGC00,24,BRAVO-CONCHOS,28,TAMAULIPAS,RÍO BRAVO,439,RÍO BRAVO 12,91487000.00,PRESA DERIVADORA ANZALDÚAS,RÍO BRAVO,1
06TAM405001/24ATGC00,24,BRAVO-CONCHOS,28,TAMAULIPAS,NUEVO LAREDO Y GUERRERO,428,RÍO BRAVO 10,14149000.00,PRESA LA AMISTAD,RÍO BRAVO,1
06TAM405002/24ATGC19,24,BRAVO-CONCHOS,28,TAMAULIPAS,"ACUÑA, GUERRERO, HIDALGO, PIEDRAS NEGRAS Y NAVA EN COAHUILA; COLOMBIA EN NUEVO LEÓN",423,RÍO BRAVO 7,14671000.00,PRESA DE ALMACENAMIENTO LA AMISTAD (BOMBEOS DIRECTOS DEL RÍO BRAVO),RÍO BRAVO,1
04TLX405601/18ATGC00,18,BALSAS,29,TLAXCALA,"LARDIZÁBAL, IXTACUIXTLA, NOPALUCAN, NATIVITAS, Y SAN MARTÍN TEXMELUCAN",270,RÍO ALTO ATOYAC,7320000.00,DERIVACIÓN SAN LUCAS (RÍO ATOYAC),RÍO ATOYAC,1
04TLX405602/18ATGC00,18,BALSAS,29,TLAXCALA,"LARDIZÁBAL, IXTACUIXTLA Y SAN MARTÍN TEXMELUCAN",270,RÍO ALTO ATOYAC,2370000.00,DERIVACIÓN SAN LUCAS (RÍO ATOYAC),RÍO ATOYAC,1
04TLX405603/18ATGC00,18,BALSAS,29,TLAXCALA,LARDIZÁBAL Y SAN MARTÍN TEXMELUCAN,270,RÍO ALTO ATOYAC,4090000.00,DERIVACIÓN SAN LUCAS (RÍO ATOYAC),RÍO ATOYAC,1
04TLX405604/18ATGC00,18,BALSAS,29,TLAXCALA,"PANOTLA, TLAXCALA, TEXOLOC, NATIVITAS, SANTA APOLONIA TEACALCO Y TETLATLAHUCA",270,RÍO ALTO ATOYAC,1470000.00,PRESA ATLANGA,RÍO ZAHUAPAN,1
04TLX405604/18ATGC00,18,BALSAS,29,TLAXCALA,"PANOTLA, TLAXCALA, TEXOLOC, NATIVITAS, SANTA APOLONIA TEACALCO Y TETLATLAHUCA",270,RÍO ALTO ATOYAC,8000000.00,DERIVACIÓN PANOTLA (RÍO ZAHUAPAN),RÍO ZAHUAPAN,2
04TLX405605/18ATGC00,18,BALSAS,29,TLAXCALA,"ATLANGATEPEC, DOMINGO ARENAS Y XALTOCAN",270,RÍO ALTO ATOYAC,1480000.00,PRESA ATLANGA,RÍO ZAHUAPAN,1
09VER406001/26ATGC00,26,PÁNUCO,30,VERACRUZ DE IGNACIO DE LA LLAVE,EL HIGO,531,RÍO MOCTEZUMA 4,10433000.00,PLANTAS DE BOMBEO SOBRE LOS RÍOS TEMPOAL Y MOCTEZUMA,RÍO MOCTEZUMA,1
09VER406002/26ATGC00,26,PÁNUCO,30,VERACRUZ DE IGNACIO DE LA LLAVE,TANTOYUCA,531,RÍO MOCTEZUMA 4,2880000.00,PLANTA DE BOMBEO SOBRE EL RÍO CALABOZO (PLATÓN SÁNCHEZ),RÍO MOCTEZUMA,1
10VER403502/28ATGC00,28,PAPALOAPAN,30,VERACRUZ DE IGNACIO DE LA LLAVE,ACTOPAN Y ÚRSULO GALVÁN,587,RÍO ACTOPAN,212780000.00,"RÍO ACTOPAN; PRESAS DERIVADORAS LA ESPERANZA, SANTA ROSA, EL ZAPOTE Y EL BOBO",RÍO ACTOPAN,1
10VER408201/28ATGC00,28,PAPALOAPAN,30,VERACRUZ DE IGNACIO DE LA LLAVE,TLALIXCOYAN,586,LLANURAS DE PAPALOAPAN,174881000.00,RÍOS BLANCO Y OTAPA (PRESA DERIVADORA CAMELPO),RÍO BLANCO,1
09VER409203/26ATOC12,26,PÁNUCO,30,VERACRUZ DE IGNACIO DE LA LLAVE,PANUCO,546,RÍO CHICAYÁN 2,7343000.00,PRESA PASO DE PIEDRAS (CHICAYAN),RIO PANUCO,1
10VER403501/28ATDA18,28,PAPALOAPAN,30,VERACRUZ DE IGNACIO DE LA LLAVE,"LA ANTIGUA, ÚRSULO GALVÁN, PUENTE NACIONAL, PASO DE OVEJAS Y MANLIO FABIO ALTAMIRANO",588,RÍO LA ANTIGUA,213157000.00,RÍO LA ANTIGUA (PRESA DERIVADORA GUAYABAL),RÍO LA ANTIGUA,1
10VER403503/28ATDA18,28,PAPALOAPAN,30,VERACRUZ DE IGNACIO DE LA LLAVE,PUENTE NACIONAL Y ÚRSULO GALVÁN,588,RÍO LA ANTIGUA,97072000.00,RÍO LA ANTIGUA (PRESA DERIVADORA EL CARRIZAL),RÍO LA ANTIGUA,1
10VER408202/28ATDA18,28,PAPALOAPAN,30,VERACRUZ DE IGNACIO DE LA LLAVE,RÍO BLANCO,582,RÍO BLANCO,171596000.00,RÍOS BLANCO Y OTAPA (PRESAS DERIVADORAS CAMELPO Y OTAPA),RÍO BLANCO,1
08ZAC403405/12ATGC17,12,LERMA-SANTIAGO,32,ZACATECAS,"TABASCO, HUANUSCO Y JALPA",204,RÍO JUCHIPILA 1,26000000.00,PRESA EL CHIQUE,RÍO JUCHIPILA,1
08ZAC403405/12ATGC17,12,LERMA-SANTIAGO,32,ZACATECAS,JALPA,204,RÍO JUCHIPILA 1,2555000.00,PRESA LOS MORALEÑOS,RÍO CALVILLO,2
04GRO406801/18ATDL15,18,BALSAS,12,GUERRERO,TEPECOACUILCO E IGUALA,277,RÍO MEDIO BALSAS,14500000.00,PRESA VALERIO TRUJANO,RIO TEPECUACUILCO,1
06CHI400512/24ATGC18,24,BRAVO-CONCHOS,8,CHIHUAHUA,SAUCILLO,411,RÍO CONCHOS 2,46515000.00,PRESAS LA BOQUILLA Y FRANCISCO I. MADERO,RIO BRAVO,1
09TAM402901/26ATGC00,26,PÁNUCO,28,TAMAULIPAS,GÓMEZ FARÍAS Y XICOTÉNCATL,539,RÍO GUAYALEJO 3,51562000.00,PRESA DE ALMACENAMIENTO EMILIO PORTES GIL (PRESA DERIVADORA SAN GABRIEL),RIO GUAYALEJO,1
09TAM402901/26ATGC00,26,PÁNUCO,28,TAMAULIPAS,GÓMEZ FARÍAS Y XICOTÉNCATL,539,RÍO GUAYALEJO 3,40987000.00,RIO GUAYALEJO (PRESA DERIVADORA EL CONEJO),RIO GUAYALEJO,2
09TAM402901/26ATGC00,26,PÁNUCO,28,TAMAULIPAS,GÓMEZ FARÍAS Y XICOTÉNCATL,539,RÍO GUAYALEJO 3,98133000.00,RIO FRIO (PRESAS DERIVADORAS CANAL ALTO Y CANAL BAJO),RIO GUAYALEJO,3
09TAM402902/26ATDA17,26,PÁNUCO,28,TAMAULIPAS,XICOTÉNCATL,539,RÍO GUAYALEJO 3,65168000.00,PRESA DE ALMACENAMIENTO EMILIO PORTES GIL (PRESA DERIVADORA SAN GABRIEL),RIO GUAYALEJO,1
09TAM408602/25ATDA13,25,SAN FERNANDO-SOTO LA MARINA,28,TAMAULIPAS,ABASOLO Y JIMÉNEZ,450,RÍO SOTO LA MARINA 1,58764800.00,PRESA DE ALMACENAMIENTO VICENTE GUERRERO CONSUMADOR DE LA INDEPENDENCIA NACIONAL,RIO SOTO LA MARINA,1
09TAM408602/25ATDA13,25,SAN FERNANDO-SOTO LA MARINA,28,TAMAULIPAS,ABASOLO,450,RÍO SOTO LA MARINA 1,196800.00,RIO SOTO LA MARINA,GOLFO DE MEXICO,2
09TAM408603/25ATGC00,25,SAN FERNANDO-SOTO LA MARINA,28,TAMAULIPAS,ABASOLO Y JIMÉNEZ,450,RÍO SOTO LA MARINA 1,35301600.00,PRESA DE ALMACENAMIENTO VICENTE GUERRERO CONSUMADOR DE LA INDEPENDENCIA NACIONAL,RIO SOTO LA MARINA,1
09TAM408604/25ATGC00,25,SAN FERNANDO-SOTO LA MARINA,28,TAMAULIPAS,ABASOLO,450,RÍO SOTO LA MARINA 1,33416300.00,PRESA DE ALMACENAMIENTO VICENTE GUERRERO CONSUMADOR DE LA INDEPENDENCIA NACIONAL,RIO SOTO LA MARINA,1
09TAM408605/25ATGC00,25,SAN FERNANDO-SOTO LA MARINA,28,TAMAULIPAS,ABASOLO Y SOTO LA MARINA,450,RÍO SOTO LA MARINA 1,23283000.00,PRESA DE ALMACENAMIENTO VICENTE GUERRERO CONSUMADOR DE LA INDEPENDENCIA NACIONAL,RIO SOTO LA MARINA 2,1
09TAM408606/25ATOC14,25,SAN FERNANDO-SOTO LA MARINA,28,TAMAULIPAS,SOTO LA MARINA,450,RÍO SOTO LA MARINA 1,30744940.00,PRESA DE ALMACENAMIENTO VICENTE GUERRERO CONSUMADOR DE LA INDEPENDENCIA NACIONAL,RIO SOTO LA MARINA,1
09TAM409201/26ATGC00,26,PÁNUCO,28,TAMAULIPAS,GONZALEZ,542,RÍO GUAYALEJO 4,24061000.00,PRESA DE ALACENAMIENTO RAMIRO CABALLERO,RIO TAMESI,1
09TAM409202/26ATDA15,26,PÁNUCO,28,TAMAULIPAS,GONZÁLEZ,542,RÍO GUAYALEJO 4,59602000.00,PRESA DE ALMACENAMIENTO RAMIRO CABALLERO,RIO TAMESI,1
09TAM409203/26ATGC00,26,PÁNUCO,28,TAMAULIPAS,GONZALEZ,542,RÍO GUAYALEJO 4,31977000.00,PRESA DE ALMACENAMIENTO RAMIRO CABALLERO,RIO TAMESI,1
09TAM409204/26ATGC00,26,PÁNUCO,28,TAMAULIPAS,MANTE,542,RÍO GUAYALEJO 4,59784000.00,PRESA DE ALMACENAMIENTO RAMIRO CABALLERO,RIO TAMESI,1
09TAM409205/26ATGC00,26,PÁNUCO,28,TAMAULIPAS,MANTE,542,RÍO GUAYALEJO 4,31265000.00,PRESA DE ALMACENAMIENTO RAMIRO CABALLERO,RIO TAMESI,1
09TAM409206/26ATGC00,26,PÁNUCO,28,TAMAULIPAS,MANTE,542,RÍO GUAYALEJO 4,38993000.00,PRESA DE ALMACENAMIENTO RAMIRO CABALLERO,RIO TAMESI,1
09VER409202/26ATOC12,26,PÁNUCO,30,VERACRUZ DE IGNACIO DE LA LLAVE,OZULUAMA,546,RÍO CHICAYÁN 2,17705000.00,PRESA PASO DE PIEDRAS (CHICAYAN),RIO PANUCO,1
09VER409204/26ATGC00,26,PÁNUCO,30,VERACRUZ DE IGNACIO DE LA LLAVE,PANUCO,543,RÍO TAMESÍ,1889000.00,LAGUNA LA TORTUGA,RIO PANUCO,1
13HGO411201/26ATDA16,26,PÁNUCO,13,HIDALGO,AJACUBA,559,RÍO SALADO,36363000.00,RIO SALADO (AGUAS RESIDUALES DE LA ZONA METROPOLITANA DE LA CIUDAD DE MEXICO),RIO SALADO,1
08ZAC403404/12ATGC20,12,LERMA-SANTIAGO,32,ZACATECAS,VILLANUEVA  Y  TABASCO,203,PRESA EL CHIQUE,19640000.00,PRESA JULIÁN ADAME ALATORRE,RÍO JUCHIPILA,1
06COA100296/24ATGC19,24,BRAVO-CONCHOS,5,COAHUILA DE ZARAGOZA,ACUÑA Y JIMÉNEZ,422,RÍO SAN DIEGO,25307000.00,MANANTIAL CABECERAS (PRESA DERIVADORA CABECERAS Y PRESA DE ALMACENAMIENTO CENTENARIO),RÍO SAN DIEGO,1
06COA100297/24ATGC20,24,BRAVO-CONCHOS,5,COAHUILA DE ZARAGOZA,JIMÉNEZ,422,RÍO SAN DIEGO,17735000.00,MANANTIAL CABECERAS (PRESA DERIVADORA CABECERAS Y PRESA DE ALMACENAMIENTO SAN MIGUEL),RÍO SAN DIEGO,1
06COA100298/24ATGC20,24,BRAVO-CONCHOS,5,COAHUILA DE ZARAGOZA,JIMÉNEZ,423,RÍO BRAVO 7,5396000.00,RÍO BRAVO,RÍO BRAVO,1
07COA401707/36ATDA12,36,NAZAS-AGUANAVAL,5,COAHUILA DE ZARAGOZA,MATAMOROS  Y  TORREON,740,CANAL SANTA ROSA,39732000.00,PRESAS DE ALMACENAMIENTO LAZARO CARDENAS Y FRANCISCO ZARCO,RIO NAZAS,1
07COA401708/36ATDA12,36,NAZAS-AGUANAVAL,5,COAHUILA DE ZARAGOZA,MATAMOROS  Y TORREON,740,CANAL SANTA ROSA,75245000.00,PRESAS DE ALMACENAMIENTO LAZARO CARDENAS Y FRANCISCO ZARCO,RIO NAZAS,1
07COA401709/36ATGC00,36,NAZAS-AGUANAVAL,5,COAHUILA DE ZARAGOZA,MATAMOROS Y SAN PEDRO,740,CANAL SANTA ROSA,55654000.00,PRESAS DE ALMACENAMIENTO LÁZARO CÁRDENAS Y FRANCISCO ZARCO,RÍO NAZAS,1
07COA401712/36ATDA12,36,NAZAS-AGUANAVAL,5,COAHUILA DE ZARAGOZA,"GOMEZ PALACIO, DURANGO,  MADERO Y MATAMOROS, COAHUILA DE ZARAGOZA",740,CANAL SANTA ROSA,55547000.00,PRESAS DE ALMACENAMIENTO LAZARO CARDENAS Y FRANCISCO ZARCO,RIO NAZAS,1
07COA401713/36ATDA12,36,NAZAS-AGUANAVAL,5,COAHUILA DE ZARAGOZA,"FRANCISCO I MADERO Y SAN PEDRO,",740,CANAL SANTA ROSA,86250000.00,PRESAS DE ALMACENAMIENTO LAZARO CARDENAS Y FRANCISCO ZARCO,RIO NAZAS,1
07COA401714/36ATDA12,36,NAZAS-AGUANAVAL,5,COAHUILA DE ZARAGOZA,FRANCISCO I MADERO  Y SAN PEDRO  COAHUILA,740,CANAL SANTA ROSA,78098000.00,PRESAS DE ALMACENAMIENTO LAZARO CARDENAS Y FRANCISCO ZARCO,RIO NAZAS,1
07COA401715/36ATGC00,36,NAZAS-AGUANAVAL,5,COAHUILA DE ZARAGOZA,"SAN PEDRO, COAHUILA",740,CANAL SANTA ROSA,60983000.00,PRESAS DE ALMACENAMIENTO LÁZARO CÁRDENAS Y FRANCISCO ZARCO,RÍO NAZAS,1
07COA401716/36ATDA12,36,NAZAS-AGUANAVAL,5,COAHUILA DE ZARAGOZA,SAN PEDRO,740,CANAL SANTA ROSA,60400000.00,PRESAS DE ALMACENAMIENTO LAZARO CARDENAS Y FRANCISCO ZARCO,RIO NAZAS,1
07COA401717/36ATGC00,36,NAZAS-AGUANAVAL,5,COAHUILA DE ZARAGOZA,SAN PEDRO,740,CANAL SANTA ROSA,69264000.00,PRESAS DE ALMACENAMIENTO LÁZARO CÁRDENAS Y FRANCISCO ZARCO,RÍO NAZAS,1
07DGO401703/36ATDA12,36,NAZAS-AGUANAVAL,10,DURANGO,LERDO,739,LOS ÁNGELES,71225000.00,PRESAS DE ALMACENAMIENTO LAZARO CARDENAS Y FRANCISCO ZARCO,RIO NAZAS,1
07DGO401704/36ATDA12,36,NAZAS-AGUANAVAL,10,DURANGO,LERDO Y GOMEZ PALACIO,740,CANAL SANTA ROSA,52565000.00,PRESAS DE ALMACENAMIENTO LAZARO CARDENAS Y FRANCISCO ZARCO,RIO NAZAS,1
07DGO401705/36ATDA12,36,NAZAS-AGUANAVAL,10,DURANGO,GOMEZ PALACIO Y MAPIMI,740,CANAL SANTA ROSA,49242000.00,PRESAS DE ALMACENAMIENTO LAZARO CARDENAS Y FRANCISCO ZARCO,RIO NAZAS,1
07DGO401706/36ATDA12,36,NAZAS-AGUANAVAL,10,DURANGO,TLAHUALILO,740,CANAL SANTA ROSA,43546000.00,PRESAS DE ALMACENAMIENTO LAZARO CARDENAS Y FRANCISCO ZARCO,RIO NAZAS,1
07DGO401710/36ATDA12,36,NAZAS-AGUANAVAL,10,DURANGO,GOMEZ PALACIO,740,CANAL SANTA ROSA,57071000.00,PRESAS DE ALMACENAMIENTO LAZARO CARDENAS Y FRANCISCO ZARCO,RÍO NAZAS,1
07DGO401711/36ATGC00,36,NAZAS-AGUANAVAL,10,DURANGO,GÓMEZ PALACIO Y TLAHUALILO,740,CANAL SANTA ROSA,54267000.00,PRESAS DE ALMACENAMIENTO LÁZARO CÁRDENAS Y FRANCISCO ZARCO,RÍO NAZAS,1
07ZAC403401/36ATGC20,36,NAZAS-AGUANAVAL,32,ZACATECAS,FRESNILLO,745,PRESA CAZADERO,23900000.00,PRESA LEOBARDO REYNOSO,RÍO LOS LAZOS,1
07ZAC403402/36ATGC20,36,NAZAS-AGUANAVAL,32,ZACATECAS,FRESNILLO,745,PRESA CAZADERO,1500000.00,PRESA DE ALMACENAMIENTO SANTA ROSA,RIOS CHICO Y EL ARENAL,1
08ZAC403403/12ATGC20,12,LERMA-SANTIAGO,32,ZACATECAS,"TLALTENANGO DE SANCHEZ ROMAN, TEPECHITLAN Y MOMAX",211,RÍO TLALTENANGO,39990000.00,PRESA MIGUEL ALEMÁN VALDÉS (EXCAME),RÍO TLALTENANGO,1
09VER409201/26ATOC13,26,PÁNUCO,30,VERACRUZ DE IGNACIO DE LA LLAVE,PÁNUCO,546,RÍO CHICAYÁN 2,22122000.00,PRESA PASO DE PIEDRAS (CHICAYAN),RÍO PÁNUCO,1
08COL405307/16ATDL21,16,ARMERÍA-COAHUAYANA,6,COLIMA,"TECOMÁN, LOCALIDAD CALLEJONES",263,COAHUAYANA 2,176212000.00,RÍO COAHUAYANA,RÍO COAHUAYANA,1
06CHI400901/24ATGC01,24,BRAVO-CONCHOS,8,CHIHUAHUA,GUADALUPE D.B. Y PRAXEDIS G. GUERRERO,415,RÍO BRAVO 1,6765000.00,RÍO BRAVO (DERIVADORA INTERNACIONAL),RÍO BRAVO,1
06CHI400901/24ATGC01,24,BRAVO-CONCHOS,8,CHIHUAHUA,GUADALUPE D.B. Y PRAXEDIS G. GUERRERO,415,RÍO BRAVO 1,35858000.00,AGUAS RESIDUALES DE CIUDAD JUÁREZ  (CANAL PRINCIPAL),NO APLICA,2
02SON404101/09ATGC00,9,SONORA SUR,26,SONORA,CAJEME,105,RÍO YAQUI 3,67758000.00,PRESA DE ALMACENAMIENTO ÁLVARO OBREGÓN (OVIACHIC),RÍO YAQUI,1
02SON404102/09ATGC00,9,SONORA SUR,26,SONORA,CAJEME,105,RÍO YAQUI 3,76397000.00,PRESA DE ALMACENAMIENTO ÁLVARO OBREGÓN (OVIACHIC),RÍO YAQUI,1
02SON404103/09ATGC00,9,SONORA SUR,26,SONORA,"BENITO JUÁREZ, CAJEME Y NAVOJOA",105,RÍO YAQUI 3,89198000.00,PRESA DE ALMACENAMIENTO ÁLVARO OBREGÓN (OVIACHIC),RÍO YAQUI,1
02SON404134/09ATGC00,9,SONORA SUR,26,SONORA,ETCHOJOA Y BENITO JUÁREZ,105,RÍO YAQUI 3,79488000.00,PRESA DE ALMACENAMIENTO ÁLVARO OBREGÓN (OVIACHIC),RÍO YAQUI,1
02SON404136/09ATGC00,9,SONORA SUR,26,SONORA,CAJEME,105,RÍO YAQUI 3,97451000.00,PRESA DE ALMACENAMIENTO ÁLVARO OBREGÓN (OVIACHIC),RÍO YAQUI,1
07ZAC403406/36ATGC21,36,NAZAS-AGUANAVAL,32,ZACATECAS,"RÍO GRANDE, SAIN ALTO Y FRANCISCO R. MURGUIA",746,SAN FRANCISCO,18100000.00,PRESA EL CAZADERO,RIO AGUANAVAL,1
13HGO400301/26ATDL21,26,PÁNUCO,13,HIDALGO,"EL ARENAL, ACTOPAN, SAN SALVADOR, IXMIQUILPAN Y SANTIAGO DE ANAYA",562,RÍO TULA,157291850.00,"EMISOR PROFUNDO, PRESA ENDHÓ, SIST. DE PRESAS TAXHIMAY-REQUENA, C. XOTHO (AGUAS DE RETORNO)",RÍO TULA,1
13HGO400304/26ATDL21,26,PÁNUCO,13,HIDALGO,"MIXQUIAHUALA, PROGRESO Y CHILCUAUTLA",558,PRESA ENDHÓ,62247692.00,PRESA ENDHÓ  (SUBCUENCAS VALLE DE MÉXICO Y VALLE DE TULA),RÍO TULA,1
13HGO400305/26ATDL21,26,PÁNUCO,13,HIDALGO,FRANCISCO I. MADERO,558,PRESA ENDHÓ,94857361.00,"EMISOR CENTRAL, PRESA ENDHÓ, Y SISTEMA DE PRESAS TAXHIMAY-REQUENA (SUBCUENCAS V. MÉXICO Y V. TULA)",RÍO TULA,1
13HGO410002/26ATDL21,26,PÁNUCO,13,HIDALGO,IXMIQUILPAN Y TASQUILLO,562,RÍO TULA,40700000.00,RÍO TULA,RÍO TULA,1
13HGO410004/26ATDL21,26,PÁNUCO,13,HIDALGO,"IXMIQUILPAN, CARDONAL Y TASQUILLO",562,RÍO TULA,75900000.00,RÍO TULA,RÍO TULA,1
