TÍTULO,USO QUE AMPARA EL TÍTULO,TITULAR,VOLUMEN DE EXTRACCIÓN ANUAL DE AGUAS NACIONALES QUE AMPARA EL TÍTULO EN m3,APROVECHAMIENTOS SUPERFICIALES QUE AMPARA EL TÍTULO,VOLUMEN DE EXTRACCIÓN ANUAL DE APROVECHAMIENTOS SUPERFICIALES EN m3,APROVECHAMIENTOS SUBTERRANEOS QUE AMPARA EL TÍTULO,VOLUMEN DE EXTRACCIÓN ANUAL DE APROVECHAMIENTOS SUBTERRÁNEOS EN m3,FECHA DE REGISTRO,AUTORIDAD DE EMITE EL ACTO
08AGS400101/12ATGC99,AGRÍCOLA,"ASOCIACIÓN DE USUARIOS JUNTA DE AGUAS DEL  DISTRITO DE RIEGO 01, A.C.",43296000.00,1,43296000.00,0,0.00,2000-01-06,GERENCIA DE SERVICIOS A USUARIOS
01BCA401413/07ATGC00,AGRÍCOLA,USUARIOS DEL MODULO N° 13 MARGEN DERECHA DEL RIO COLORADO,87942396.25,1,67349000.00,425,20593396.25,2000-05-18,GERENCIA DE SERVICIOS A USUARIOS
01BCA401404/07ATGC00,AGRÍCOLA,"USUARIOS DEL MODULO N° 4  MARGEN DERECHA DEL RIO COLORADO, A. C.",111430495.50,1,85337000.00,425,26093495.50,2000-05-18,GERENCIA DE SERVICIOS A USUARIOS
01BCA401405/07ATGC00,AGRÍCOLA,"USUARIOS DEL MODULO NO. 5  MARGEN DERECHA DEL RIO COLORADO, A. C.",108198919.00,1,82862000.00,425,25336919.00,2000-05-18,GERENCIA DE SERVICIOS A USUARIOS
01BCA401412/07ATGC00,AGRÍCOLA,"USUARIOS DEL MODULO N° 12 MARGEN DERECHA DEL RIO COLORADO, A.C.",111297283.50,1,85235000.00,425,26062283.50,2000-04-05,GERENCIA DE SERVICIOS A USUARIOS
01BCA401418/07ATGC00,AGRÍCOLA,"USUARIOS DEL MODULO N° 18, MARGEN DERECHA DEL RIO COLORADO, A. C.",91410567.00,1,70005000.00,425,21405567.00,2000-04-05,GERENCIA DE SERVICIOS A USUARIOS
01BCA401401/07ATGC00,AGRÍCOLA,"USUARIOS DEL MODULO N° 1, MARGEN IZQUIERDA DEL RIO COLORADO, A. C.",110680987.50,1,84763000.00,425,25917987.50,2000-05-18,GERENCIA DE SERVICIOS A USUARIOS
01BCA401402/07ATGC00,AGRÍCOLA,"USUARIOS DEL MODULO N° 2, MARGEN IZQUIERDA DEL RIO COLORADO, A. C.",57084465.50,1,43717000.00,425,13367465.50,2000-05-18,GERENCIA DE SERVICIOS A USUARIOS
01BCA401403/07ATGC00,AGRÍCOLA,"USUARIOS DEL MODULO N° 3, MARGEN IZQUIERDA DEL RIO COLORADO, A. C.",98502144.00,1,75436000.00,425,23066144.00,2000-05-18,GERENCIA DE SERVICIOS A USUARIOS
01BCA401406/07ATGC00,AGRÍCOLA,"USUARIOS DEL MODULO N°6, MARGEN DERECHA DEL RIO COLORADO, A. C.",69143123.00,1,52952000.00,425,16191123.00,2000-05-18,GERENCIA DE SERVICIOS A USUARIOS
01BCA401407/07ATGC00,AGRÍCOLA,"USUARIOS DEL MODULO N° 7 MARGEN DERECHA DEL RIO COLORADO, A.C.",80929136.75,1,61978000.00,425,18951136.75,2000-05-18,GERENCIA DE SERVICIOS A USUARIOS
01BCA401422/07ATGC00,AGRÍCOLA,"USUARIOS DEL MÓDULO N° 22, MARGEN IZQUIERDA DEL RIO COLORADO, A. C.",57875684.75,1,44323000.00,425,13552684.75,2000-04-05,GERENCIA DE SERVICIOS A USUARIOS
01BCA401414/07ATGC00,AGRÍCOLA,"USUARIOS DEL MODULO N° 14 MARGEN DERECHA DEL RIO COLORADO, A. C.",100835681.25,1,77223000.00,425,23612681.25,2000-05-18,GERENCIA DE SERVICIOS A USUARIOS
01BCA401419/07ATGC00,AGRÍCOLA,"USUARIOS DEL MODULO N° 19, MARGEN DERECHA DEL RIO COLORADO, A. C.",98794768.75,1,75660000.00,425,23134768.75,2000-04-05,GERENCIA DE SERVICIOS A USUARIOS
01BCA401415/07ATGC00,AGRÍCOLA,"USUARIOS DEL MODULO N°15, MARGEN DERECHA DEL RIO COLORADO, A. C.",114799440.00,1,87917000.00,425,26882440.00,2000-04-05,GERENCIA DE SERVICIOS A USUARIOS
01BCA401416/07ATGC00,AGRÍCOLA,"USUARIOS DEL MODULO N° 16, MARGEN DERECHA DEL RIO COLORADO, A. C.",76024599.75,1,58222000.00,425,17802599.75,2000-04-05,GERENCIA DE SERVICIOS A USUARIOS
01BCA401408/07ATGC00,AGRÍCOLA,"USUARIOS DEL MODULO N° 8  MARGEN DERECHA DEL RIO COLORADO, A. C.",99118465.50,1,75908000.00,425,23210465.50,2000-05-18,GERENCIA DE SERVICIOS A USUARIOS
01BCA401417/07ATGC00,AGRÍCOLA,"USUARIOS DEL MODULO N° 17  MARGEN DERECHA RIO COLORADO, A. C.",106108501.75,1,81261000.00,425,24847501.75,2000-05-18,GERENCIA DE SERVICIOS A USUARIOS
01BCA401421/07ATGC00,AGRÍCOLA,"USUARIOS DEL MODULO N° 21, MARGEN IZQUIERDA DEL RIO COLORADO, A. C.",77172335.75,1,59101000.00,425,18071335.75,2000-04-05,GERENCIA DE SERVICIOS A USUARIOS
01BCA401410/07ATGC00,AGRÍCOLA,"USUARIOS DEL MODULO N°10 MARGEN DERECHA DEL RIO COLORADO, A. C.",153375747.00,1,117460000.00,425,35915747.00,2000-05-18,GERENCIA DE SERVICIOS A USUARIOS
01BCA401420/07ATGC00,AGRÍCOLA,"USUARIOS DEL MODULO N° 20, MARGEN DERECHA DEL RIO COLORADO, A. C.",60748336.50,1,46523000.00,425,14225336.50,2000-04-05,GERENCIA DE SERVICIOS A USUARIOS
01BCA401423/07ATGC00,AGRÍCOLA,"USUARIOS DEL MODULO N° 9-A MARGEN DERECHA DEL RIO COLORADO, A. C.",77146292.25,1,59081000.00,425,18065292.25,2000-06-09,GERENCIA DE SERVICIOS A USUARIOS
01BCA401424/07ATGC00,AGRÍCOLA,"USUARIOS DEL MODULO N° 9 BIS  MARGEN DERECHA DEL RIO COLORADO, A. C.",77805571.50,1,59586000.00,425,18219571.50,2000-06-09,GERENCIA DE SERVICIOS A USUARIOS
01BCA401411/07ATGC00,AGRÍCOLA,"USUARIOS DEL MODULO N° 11 MARGEN DERECHA DEL RIO COLORADO, A. C.",108786283.25,1,83312000.00,425,25474283.25,2000-04-05,GERENCIA DE SERVICIOS A USUARIOS
07COA401719/36ATDA12,AGRÍCOLA,"USUARIOS CAÑON DE JIMULCO, A.C.,",18063000.00,1,18063000.00,0,0.00,2000-07-12,DIRECCIÓN DE ADMINISTRACIÓN DEL AGUA EN EL ORGANISMO DE CUENCA CUENCAS CENTRALES DEL NORTE
07COA401720/36ATDA12,AGRÍCOLA,"CUADRO BAJO DE MATAMOROS Y VIESCA, A.C.",17024000.00,1,17024000.00,0,0.00,2000-07-12,DIRECCIÓN DE ADMINISTRACIÓN DEL AGUA EN EL ORGANISMO DE CUENCA CUENCAS CENTRALES DEL NORTE
06COA400401/24ATGC17,AGRÍCOLA,"HIDROAGROPECUARIA DE LA PRIMERA UNIDAD DEL DISTRITO DE RIEGO 04 DE DON MARTÍN, A.C.",7646650.00,1,7646650.00,0,0.00,1999-12-28,GERENCIA DE SERVICIOS A USUARIOS
08COL405308/16ATGC04,AGRÍCOLA,"ASOCIACIÓN DE USUARIOS DEL MÓDULO COAHUAYANA DEL DISTRITO DE RIEGO NO 053, ESTADO DE COLIMA A.C.",175093000.00,1,175093000.00,0,0.00,2004-05-03,GERENCIA DE SERVICIOS A USUARIOS
08COL405301/16ATGC99,AGRÍCOLA,"ASOCIACIÓN DE USUARIOS DEL MÓDULO PEÑITAS DEL DISTRITO DE RIEGO NO. 053, ESTADO DE COLIMA, A.C.",356230000.00,2,356230000.00,0,0.00,1999-12-28,GERENCIA DE SERVICIOS A USUARIOS
08COL405302/16ATGC99,AGRÍCOLA,"ASOCIACIÓN DE USUARIOS DEL MÓDULO JUÁREZ DEL DISTRITO DE RIEGO NO. 053 ESTADO DE COLIMA, A.C.",48160000.00,1,48160000.00,0,0.00,1999-12-28,GERENCIA DE SERVICIOS A USUARIOS
08COL405303/16ATGC99,AGRÍCOLA,"ASOCIACIÓN DE USUARIOS DEL MÓDULO TECUANILLO, A.C.",114500000.00,1,114500000.00,0,0.00,1999-12-28,GERENCIA DE SERVICIOS A USUARIOS
08COL405304/16ATGC00,AGRÍCOLA,"ASOCIACIÓN DE USUARIOS DEL MÓDULO AMELA, A.C.",146259000.00,1,146259000.00,0,0.00,2000-09-21,GERENCIA DE SERVICIOS A USUARIOS
08COL405305/15ATGC00,AGRÍCOLA,"ASOCIACIÓN DE USUARIOS DEL MÓDULO CIHUATLÁN DEL DISTRITO DE RIEGO NO. 053 MARGEN COLIMA, A.C.",20310000.00,1,20310000.00,0,0.00,2000-04-14,GERENCIA DE SERVICIOS A USUARIOS
11CHS404602/23ATGC00,AGRÍCOLA,"USUARIOS DE AGUA ROSARIO IZAPÁ Y ANEXOS,A.C.",2734000.00,1,2734000.00,0,0.00,2000-03-06,GERENCIA DE SERVICIOS A USUARIOS
11CHS405902/30ATGC00,AGRÍCOLA,"USUARIOS DE RIEGO SOCOLTENANGO, A.C.",26609000.00,1,26609000.00,0,0.00,2000-01-21,GERENCIA DE SERVICIOS A USUARIOS
11CHS405901/30ATGR06,AGRÍCOLA,"ECHPOINA, A.C.",48846000.00,1,48846000.00,0,0.00,2000-07-03,DIRECCIÓN GENERAL DEL ORGANISMO DE CUENCA FRONTERA SUR
11CHS410701/30ATGR06,AGRÍCOLA,"PRESA DE LA FRONTERA SELEGUA MÓDULO NO. 1, A.C.",57766000.00,1,57766000.00,0,0.00,2000-06-09,DIRECCIÓN GENERAL DEL ORGANISMO DE CUENCA FRONTERA SUR
11CHS410702/30ATGR06,AGRÍCOLA,"USUARIOS DEL DISTRITO DE RIEGO NO. 107 MÓDULO NO. 2  EL LAGARTERO, A.C.",25966000.00,1,25966000.00,0,0.00,2000-01-21,DIRECCIÓN GENERAL DEL ORGANISMO DE CUENCA FRONTERA SUR
11CHS410101/30ITDA10,DIFERENTES USOS,"USUARIOS PRODUCTORES DEL DISTRITO DE RIEGO CUXTEPEQUES, A.C.",86600000.00,1,86600000.00,0,0.00,2000-01-21,DIRECCIÓN DE ADMINISTRACIÓN DEL AGUA EN EL ORGANISMO DE CUENCA FRONTERA SUR
11CHS404601/23ATGC00,AGRÍCOLA,"USUARIOS DEL DISTRITO DE RIEGO DEL SUCHIATE, A.C.",100268000.00,1,100268000.00,0,0.00,2000-03-06,GERENCIA DE SERVICIOS A USUARIOS
11CHS405903/30ATGR06,AGRÍCOLA,"USUARIOS DE RIEGO DE SAN VICENTE LA MESILLA, A.C.",12257000.00,1,12257000.00,0,0.00,2000-01-21,DIRECCIÓN GENERAL DEL ORGANISMO DE CUENCA FRONTERA SUR
06CHI404201/34ATGC00,AGRÍCOLA,"VALLE BUENAVENTURA, A.C.",107531000.00,1,61321000.00,80,46210000.00,2000-04-24,GERENCIA DE SERVICIOS A USUARIOS
06CHI408902/34ATGC00,AGRÍCOLA,"MÓDULO NO. 2 BOMBEO BENITO JUÁREZ, A.C.",74300000.00,0,0.00,120,74300000.00,2000-04-26,GERENCIA DE SERVICIOS A USUARIOS
06CHI400902/24ATGC01,AGRÍCOLA,"MÓDULO DE RIEGO NÚMERO SEIS, SALVARCAR 2000, A.C.",2820000.00,1,2218000.00,2,602000.00,2001-11-27,GERENCIA DE SERVICIOS A USUARIOS
06CHI400903/24ATGC01,AGRÍCOLA,"ASOCIACIÓN DE USUARIOS DEL EJIDO ZARAGOZA DEL MÓDULO DE RIEGO NÚMERO SIETE, A.C.",9249000.00,1,5142000.00,15,4107000.00,2001-11-27,GERENCIA DE SERVICIOS A USUARIOS
02CHI408302/09ATGC08,AGRÍCOLA,"UNIÓN DE USUARIOS DE LA UNIDAD DE RIEGO MESA DE MIÑACA, A.C.",3732000.00,1,3732000.00,0,0.00,2008-06-05,GERENCIA DE SERVICIOS A USUARIOS
02CHI408303/09ATGC08,AGRÍCOLA,"USUARIOS DE LA UNIDAD DE RIEGO MATACHI, A.C.",4064000.00,1,4064000.00,0,0.00,2008-06-05,GERENCIA DE SERVICIOS A USUARIOS
02CHI408304/09ATGC08,AGRÍCOLA,"USUARIOS DE OPERACIÓN Y CONSERVACIÓN TEJOLOCACHI, A.C.",3555000.00,1,3555000.00,0,0.00,2008-06-05,GERENCIA DE SERVICIOS A USUARIOS
06CHI409002/24ATGC09,AGRÍCOLA,"LLANO DE DOLORES Y SAN JUAN, A.C.",786490.00,1,786490.00,0,0.00,2000-04-24,GERENCIA DE SERVICIOS A USUARIOS
06CHI409003/24ATGC09,AGRÍCOLA,"EL MEZQUITE Y LA COLMENA, A.C.",10349180.00,1,10349180.00,0,0.00,2000-04-24,GERENCIA DE SERVICIOS A USUARIOS
06CHI409004/24ATGC09,AGRÍCOLA,"SANTA TERESA, EL ANCÓN, A.C.",15606740.00,1,15606740.00,0,0.00,2000-04-24,GERENCIA DE SERVICIOS A USUARIOS
06CHI409005/24ATGC09,AGRÍCOLA,"PASO DEL NORTE, A.C.",25730680.00,1,25730680.00,0,0.00,2000-04-24,GERENCIA DE SERVICIOS A USUARIOS
06CHI409001/24ATGC10,AGRÍCOLA,"USUARIOS LABOR DE OJINAGA, A.C.",11168210.00,1,11168210.00,0,0.00,2000-04-24,GERENCIA DE SERVICIOS A USUARIOS
06CHI410301/24ATGC00,AGRÍCOLA,"RÍO FLORIDO, A.C.",12759700.00,1,12759700.00,0,0.00,2000-04-24,GERENCIA DE SERVICIOS A USUARIOS
06CHI410302/24ATGC00,AGRÍCOLA,"USUARIOS CORONADO - LÓPEZ, A.C.",92337600.00,2,92337600.00,0,0.00,2000-04-24,GERENCIA DE SERVICIOS A USUARIOS
02CHI408301/09ATGC00,AGRÍCOLA,"ASOCIACIÓN CIVIL DE USUARIOS DEL DISTRITO DE RIEGO NO. 083 PAPIGOCHI, A.C.",27054000.00,1,26454000.00,5,600000.00,2000-04-05,GERENCIA DE SERVICIOS A USUARIOS
06CHI408904/34ATDL16,AGRÍCOLA,"ASOCIACIÓN DE USUARIOS DEL DISTRITO DE RIEGO 089, BENITO JUAREZ MODULO 4  A.C.",38960066.20,1,32375700.00,5,6584366.20,2016-12-06,DIRECCIÓN LOCAL CHIHUAHUA
06CHI408901/34ATDL16,AGRÍCOLA,"ASOCIACIÓN DE USUARIOS DEL DISTRITO DE RIEGO 089 EL CARMEN, A.C.",32839933.80,1,24724300.00,15,8115633.80,2000-04-24,DIRECCIÓN LOCAL CHIHUAHUA
06CHI400501/24ATGC18,AGRÍCOLA,"USUARIOS DE LA UNIDAD DE RIEGO NÚMERO I, ESTACIÓN CONCHOS DEL DISTRITO DE RIEGO 05 DELICIAS, CHIHUAHUA, A.C.",66414820.00,1,57249000.00,8,9165820.00,2000-05-04,GERENCIA DE SERVICIOS A USUARIOS
06CHI400502/24ATGC18,AGRÍCOLA,"USUARIOS DE LA UNIDAD DE RIEGO NÚMERO DOS ESTACIÓN SAUCILLO, DEL DISTRITO DE RIEGO 005  DE DELICIAS, CHIHUAHUA, A.C.",89088000.00,1,74198000.00,7,14890000.00,2000-05-04,GERENCIA DE SERVICIOS A USUARIOS
06CHI400503/24ATGC18,AGRÍCOLA,"USUARIOS DE LA UNIDAD DE RIEGO MÓDULO 3 DEL CANAL 72-6 DEL DISTRITO DE RIEGO 05 DE CD. DELICIAS, CHIHUAHUA, A.C.",84452000.00,1,70337000.00,11,14115000.00,2000-05-04,GERENCIA DE SERVICIOS A USUARIOS
06CHI400504/24ATGC18,AGRÍCOLA,"USUARIOS DE LA UNIDAD DE RIEGO MÓDULO 4  DEL CANAL K-73-9  DEL DISTRITO DE RIEGO 05 DE DELICIAS, CHIHUAHUA,  A.C.",113620000.00,1,94630000.00,15,18990000.00,2000-05-04,GERENCIA DE SERVICIOS A USUARIOS
06CHI400505/24ATGC18,AGRÍCOLA,"USUARIOS DE LA UNIDAD DE RIEGO MÓDULO 5 LAS DELICIAS DEL DISTRITO DE RIEGO 05 DE DELICIAS, CHIHUAHUA, A.C.",157147000.00,1,130882000.00,14,26265000.00,2000-05-04,GERENCIA DE SERVICIOS A USUARIOS
06CHI400506/24ATGC18,AGRÍCOLA,"USUARIOS DEL DISTRITO DE RIEGO 005 DE DELICIAS CHIH, MÓDULO NÚMERO SEIS DE ROSALES, CHIH., A.C.",68512000.00,1,57061000.00,15,11451000.00,2000-05-04,GERENCIA DE SERVICIOS A USUARIOS
06CHI400509/24ATGC18,AGRÍCOLA,"USUARIOS TERCERA UNIDAD DISTRITO DE RIEGO 05 ""RUBEN ACOSTA"", A.C.",75747000.00,1,63087000.00,25,12660000.00,2000-05-04,GERENCIA DE SERVICIOS A USUARIOS
06CHI400508/24ATGC18,AGRÍCOLA,"USUARIOS INGENIERO CÉSAR OCTAVIO RAMOS VALDEZ MÓDULO OCHO BACHIMBA, A.C.",62686000.00,1,52201000.00,18,10485000.00,2000-05-04,GERENCIA DE SERVICIOS A USUARIOS
06CHI408903/34ATGC00,AGRÍCOLA,"SISTEMA DE BOMBEO DEL EJIDO CONSTITUCIÓN, A.C.",31800000.00,0,0.00,76,31800000.00,2000-04-26,GERENCIA DE SERVICIOS A USUARIOS
06CHI400507/24ATGC19,AGRÍCOLA,"ASOCIACIÓN DE AGRICULTORES OCTAVIO LEGARRETA SOTO SEGUNDA UNIDAD DISTRITO DE RIEGO, 05, A.C.",245208382.00,1,204243000.00,50,40965382.00,2000-05-04,GERENCIA DE SERVICIOS A USUARIOS
07DGO401702/36ATGC00,AGRÍCOLA,"VILLA DEL NAZAS A.C.M. II, A.C.",42446000.00,1,42446000.00,0,0.00,2000-09-21,GERENCIA DE SERVICIOS A USUARIOS
07DGO401701/36ATDA12,AGRÍCOLA,"ASOCIACION DE USUARIOS DE LA ZONA DE RIEGO DE RODEO, A. C.",25121000.00,1,25121000.00,0,0.00,2000-07-12,DIRECCIÓN DE ADMINISTRACIÓN DEL AGUA EN EL ORGANISMO DE CUENCA CUENCAS CENTRALES DEL NORTE
07DGO401718/36ATDA12,AGRÍCOLA,"SAN JUAN DE GUADALUPE-VIESCA, A.C.",12716000.00,1,12716000.00,0,0.00,2000-07-12,DIRECCIÓN DE ADMINISTRACIÓN DEL AGUA EN EL ORGANISMO DE CUENCA CUENCAS CENTRALES DEL NORTE
03DGO405201/11ATGC00,AGRÍCOLA,"ASOCIACIÓN CIVIL DE USUARIOS  DEL MÓDULO I DE LA UNIDAD FRANCISCO VILLA DEL DISTRITO DE RIEGO 052 DEL ESTADO DE DURANGO, A.C.",9177000.00,1,9177000.00,0,0.00,2000-04-05,GERENCIA DE SERVICIOS A USUARIOS
03DGO405202/11ATGC00,AGRÍCOLA,"PRESA UNIDAD FRANCISCO VILLA , A.C",51509000.00,1,24794000.00,42,26715000.00,2000-04-05,GERENCIA DE SERVICIOS A USUARIOS
03DGO405203/11ATDL15,AGRÍCOLA,"MODULO III GUADALUPE VICTORIA  DEL DISTRITO DE RIEGO NO. 052, A.C.",46259000.00,1,46259000.00,0,0.00,2000-04-05,DIRECCIÓN LOCAL DURANGO
03DGO405204/11ATGC00,AGRÍCOLA,"ASOCIACIÓN DE USUARIOS DE LA UNIDAD PEÑA DEL AGUILA DEL DISTRITO 052 MODULO IV,  DEL ESTADO DE DURANGO A.C.",14354000.00,1,14354000.00,0,0.00,2000-04-05,GERENCIA DE SERVICIOS A USUARIOS
03DGO405205/11ATGC00,AGRÍCOLA,"ASOCIACIÓN  DE PRODUCTORES DE LA UNIDAD DE RIEGO SANTIAGO BAYACORA DEL ESTADO DE DURANGO, A.C.",22799000.00,1,22799000.00,0,0.00,2000-04-05,GERENCIA DE SERVICIOS A USUARIOS
08GUA401101/12ATGC00,AGRÍCOLA,"PRODUCTORES AGRÍCOLAS DEL MÓDULO ACÁMBARO DEL DISTRITO DE RIEGO NÚMERO 011 ALTO RÍO LERMA, GTO., A.C.",79250000.00,1,75950000.00,8,3300000.00,2000-04-24,GERENCIA DE SERVICIOS A USUARIOS
08GUA401103/12ATGC00,AGRÍCOLA,"PRODUCTORES AGRÍCOLAS DEL MÓDULO JARAL DEL DISTRITO DE RIEGO NÚMERO 011 ALTO RÍO LERMA, GTO., A.C.",54480000.00,1,48880000.00,13,5600000.00,2000-04-24,GERENCIA DE SERVICIOS A USUARIOS
08GUA401104/12ATGC00,AGRÍCOLA,"PRODUCTORES AGRÍCOLAS DEL MÓDULO VALLE, DEL DISTRITO DE RIEGO NÚMERO 011, ALTO RÍO LERMA, GTO. A.C.",108620000.00,1,100320000.00,22,8300000.00,2000-04-24,GERENCIA DE SERVICIOS A USUARIOS
08GUA401107/12ATGC00,AGRÍCOLA,"PRODUCTORES AGRÍCOLAS DEL MÓDULO IRAPUATO DEL DISTRITO DE RIEGO NÚMERO 011 ALTO RÍO LERMA, GTO. A.C.",53250000.00,1,46450000.00,15,6800000.00,2000-04-24,GERENCIA DE SERVICIOS A USUARIOS
08GUA401109/12ATGC00,AGRÍCOLA,"PRODUCTORES AGRÍCOLAS DEL MÓDULO HUANÍMARO DEL DISTRITO DE RIEGO NÚMERO 011 ALTO RÍO LERMA, GTO. A.C.",34540000.00,1,29340000.00,7,5200000.00,2000-04-24,GERENCIA DE SERVICIOS A USUARIOS
08GUA401110/12ATGC00,AGRÍCOLA,"PRODUCTORES AGRÍCOLAS DEL MÓDULO CORRALEJO DEL DISTRITO DE RIEGO 011, ALTO RÍO LERMA, GTO. A.C.",11390000.00,1,7490000.00,10,3900000.00,2000-04-24,GERENCIA DE SERVICIOS A USUARIOS
08GUA100202/12ATGC00,AGRÍCOLA,"PRODUCTORES AGRICOLAS DE LA PRESA NEUTLA, A.C.",2240000.00,1,2240000.00,0,0.00,2000-10-25,GERENCIA DE SERVICIOS A USUARIOS
08GUA100204/12ATGC00,AGRÍCOLA,"PRODUCTORES AGRICOLAS DE LA MARGEN IZQUIERDA DEL DISTRITO DE RIEGO 85, A.C.",23180000.00,1,22320000.00,2,860000.00,2000-10-25,GERENCIA DE SERVICIOS A USUARIOS
08GUA401105/12ATGC00,AGRÍCOLA,"PRODUCTORES AGRÍCOLAS DEL MÓDULO CORTÁZAR DEL DISTRITO DE RIEGO NÚMERO 011 ALTO LERMA, GTO. A.C.",153170000.00,1,137270000.00,35,15900000.00,2000-04-24,GERENCIA DE SERVICIOS A USUARIOS
08GUA401111/12ATGC00,AGRÍCOLA,"PRODUCTORES AGRÍCOLAS DE LA PRESA LA PURÍSIMA, A.C.",25200000.00,1,25200000.00,0,0.00,2000-03-06,GERENCIA DE SERVICIOS A USUARIOS
08GUA100203/12ATGC00,AGRÍCOLA,"PRODUCTORES AGRICOLAS DE COMONFORT, DISTRITO 85, A.C.",8670000.00,1,8300000.00,1,370000.00,2000-10-25,GERENCIA DE SERVICIOS A USUARIOS
08GUA100205/12ATGC00,AGRÍCOLA,"PRODUCTORES AGRICOLAS DEL MODULO MARGEN DERECHA DEL DISTRITO DE RIEGO NUMERO 085, LA BEGOÑA, GTO. A.C.",78520000.00,1,69830000.00,18,8690000.00,2000-10-25,GERENCIA DE SERVICIOS A USUARIOS
08GUA401108/12ATGC00,AGRÍCOLA,"AGRUPACIÓN DE PRODUCTORES DEL MÓDULO ABASOLO, DISTRITO DE RIEGO II,  A.C.",120050000.00,1,109050000.00,30,11000000.00,2000-04-24,GERENCIA DE SERVICIOS A USUARIOS
08GUA401102/12ATGC00,AGRÍCOLA,"PRODUCTORES AGRÍCOLAS DEL MÓDULO SALVATIERRA DEL DISTRITO DE RIEGO NÚMERO 011 ALTO RÍO LERMA, GTO., A.C.",139170000.00,1,130470000.00,18,8700000.00,2000-04-24,GERENCIA DE SERVICIOS A USUARIOS
08GUA401106/12ATGC00,AGRÍCOLA,"PRODUCTORES AGRÍCOLAS DEL MÓDULO SALAMANCA DEL DISTRITO DE RIEGO NÚMERO 011 ALTO RÍO LERMA, GTO. A.C.",119150000.00,1,111050000.00,20,8100000.00,2000-04-24,GERENCIA DE SERVICIOS A USUARIOS
04GRO405701/18ATGC00,AGRÍCOLA,"ASOCIACIÓN DE USUARIOS HERMENEGILDO GALEANA, A.C.",160590000.00,1,160590000.00,0,0.00,2000-01-21,GERENCIA DE SERVICIOS A USUARIOS
04GRO405702/18ATGC00,AGRÍCOLA,"ASOCIACIÓN DE USUARIOS MÓDULO II DE LA PRESA VICENTE GUERRERO, A.C.",158320000.00,1,158320000.00,0,0.00,2000-01-21,GERENCIA DE SERVICIOS A USUARIOS
04GRO405703/18ATGC00,AGRÍCOLA,"ASOCIACIÓN DE USUARIOS DE TIERRA CALIENTE ANDRES FIGUEROA, A.C.",67850000.00,2,67850000.00,0,0.00,2000-01-21,GERENCIA DE SERVICIOS A USUARIOS
04GRO405704/18ATGC00,AGRÍCOLA,"ASOCIACIÓN DE USUARIOS DE LA PRESA LA CALERA ZIRÁNDARO , A.C.",19500000.00,1,19500000.00,0,0.00,2000-01-21,GERENCIA DE SERVICIOS A USUARIOS
05GRO409501/20ATGC00,AGRÍCOLA,"USUARIOS DE ATOYAC, A.C.",28451000.00,1,28451000.00,0,0.00,2000-01-21,GERENCIA DE SERVICIOS A USUARIOS
05GRO410401/20ATGC00,AGRÍCOLA,"USUARIOS RÍO CORTIJOS, A.C.",9775000.00,1,6906000.00,35,2869000.00,2000-04-14,GERENCIA DE SERVICIOS A USUARIOS
05GRO410501/20ATGC00,AGRÍCOLA,"USUARIOS RÍO NEXPA, A.C.",48798000.00,1,48798000.00,0,0.00,2000-03-06,GERENCIA DE SERVICIOS A USUARIOS
04GRO409801/18ATGC00,AGRÍCOLA,"FRUTICULTORES DEL BALSAS VICENTE GUERRERO, A.C.",35360000.00,1,35360000.00,0,0.00,2000-03-06,GERENCIA DE SERVICIOS A USUARIOS
13HGO410001/26ATGC00,AGRÍCOLA,"ASOCIACIÓN DE USUARIOS DE RIEGO UNIDAD ALFAJAYUCAN, A.C.",148290000.00,1,148290000.00,0,0.00,2000-09-21,GERENCIA DE SERVICIOS A USUARIOS
13HGO410006/26ATGC05,AGRÍCOLA,"USUARIOS DE RIEGO CANAL DEL CENTRO, A.C.",61255640.00,1,61255640.00,0,0.00,2005-04-13,GERENCIA DE SERVICIOS A USUARIOS
13HGO400303/26ATGC04,AGRÍCOLA,"MÓDULO DE RIEGO AGRÍCOLA POR BOMBEO DENDHO COLONIA DENDHO Y CARDONAL, A.C.",4969253.00,1,4969253.00,0,0.00,2004-10-08,GERENCIA DE SERVICIOS A USUARIOS
13HGO400306/26ATGC04,AGRÍCOLA,"ALTO TEPATEPEC, A.C.",7337900.00,1,7337900.00,0,0.00,2004-10-08,GERENCIA DE SERVICIOS A USUARIOS
13HGO400307/26ATGC04,AGRÍCOLA,"ASOCIACIÓN DE CAMPESINOS DE BOMBEO Y REBOMBEO DEL CERRO DEL XICUCO, A.C.",16244262.00,1,16244262.00,0,0.00,2004-10-08,GERENCIA DE SERVICIOS A USUARIOS
13HGO400309/26ATGC06,AGRÍCOLA,"ASOCIACIÓN DE CAMPESINOS SECCIÓN 45 EL SOLÍS, A.C.",13950000.00,1,13950000.00,0,0.00,2006-07-12,GERENCIA DE SERVICIOS A USUARIOS
13HGO400308/26ATGC05,AGRÍCOLA,"CONSEJO REGIONAL DE AGUAS PARA PRODUCCIÓN AGRÍCOLA, A.C.",11662000.00,1,11662000.00,0,0.00,2005-04-11,GERENCIA DE SERVICIOS A USUARIOS
13HGO410005/26ATOC07,AGRÍCOLA,"USUARIOS DE RIEGO CANAL XOTHO, A.C.",34020000.00,1,34020000.00,0,0.00,2007-09-14,DIRECCIÓN GENERAL DEL ORGANISMO DE CUENCA AGUAS DEL VALLE DE MÉXICO
13HGO400310/26ATOC07,AGRÍCOLA,"SISTEMA DE RIEGO GAMAGAOX, A.C.",34473440.00,1,34473440.00,0,0.00,2007-10-15,DIRECCIÓN GENERAL DEL ORGANISMO DE CUENCA AGUAS DEL VALLE DE MÉXICO
13HGO400313/26ACDA13,AGRÍCOLA,"BOMBEO CERRO JUANDHO DE TELTIPAN, A. C.",2106140.00,1,2106140.00,0,0.00,2013-07-29,DIRECCIÓN DE ADMINISTRACIÓN DEL AGUA EN EL ORGANISMO DE CUENCA AGUAS DEL VALLE DE MÉXICO
09HGO402801/26ATGC99,AGRÍCOLA,"ASOCIACIÓN DE USUARIOS DEL MODULO I, AGUAS BLANCAS DEL DISTRITO DE RIEGO TULANCINGO, A.C",2455700.00,1,2455700.00,0,0.00,1999-12-28,GERENCIA DE SERVICIOS A USUARIOS
09HGO402802/26ATOC07,AGRÍCOLA,"ASOCIACIÓN DE USUARIOS DEL MÓDULO II, AGUAS NEGRAS DEL DISTRITO DE RIEGO TULANCINGO, A.C.",13100000.00,1,13100000.00,0,0.00,1999-12-28,DIRECCIÓN GENERAL DEL ORGANISMO DE CUENCA GOLFO NORTE
13HGO400312/26AADA13,AGRÍCOLA,"BOMBEO AGRICOLA TELTIPAN, A. C.",4736000.00,1,4736000.00,0,0.00,2014-09-11,DIRECCIÓN DE ADMINISTRACIÓN DEL AGUA EN EL ORGANISMO DE CUENCA AGUAS DEL VALLE DE MÉXICO
09HGO400802/26ATDL17,AGRÍCOLA,"ASOCIACION DE USUARIOS MODULO 2 DISTRITO DE RIEGO 08, A. C.",22143637.00,2,16836557.00,12,5307080.00,2017-11-08,DIRECCIÓN LOCAL HIDALGO
09HGO400801/26ATDL17,AGRÍCOLA,"ASOCIACION DE USUARIOS DEL MODULO 1 DEL DISTRITO DE RIEGO METZTITLAN, HIDALGO, A. C.",25117368.00,1,20771275.00,8,4346093.00,2000-04-05,DIRECCIÓN LOCAL HIDALGO
08JAL401301/12ATGC00,AGRÍCOLA,"ASOCIACIÓN DE USUARIOS DE RIEGO DE LA PRESA EL CUARENTA,  A.C.",13300000.00,1,13300000.00,0,0.00,2000-03-27,GERENCIA DE SERVICIOS A USUARIOS
08JAL401302/12ATGC00,AGRÍCOLA,"ASOCIACIÓN DE USUARIOS DEL MÓDULO BELÉN DEL REFUGIO, A.C.",4670000.00,1,4670000.00,0,0.00,2000-03-27,GERENCIA DE SERVICIOS A USUARIOS
08JAL401303/12ATGC00,AGRÍCOLA,"ASOCIACIÓN DE USUARIOS DE RIEGO DE LA PRESA SAN MIGUEL, A.C.",1390000.00,1,1390000.00,0,0.00,2000-03-27,GERENCIA DE SERVICIOS A USUARIOS
08JAL401305/12ATGC00,AGRÍCOLA,"UNIDAD DE RIEGO MEXTICACÁN, A.C.",390000.00,1,390000.00,0,0.00,2000-03-27,GERENCIA DE SERVICIOS A USUARIOS
08JAL401306/12ATGC00,AGRÍCOLA,"ASOCIACIÓN DE USUARIOS DE LA PRESA DE TENASCO, A.C.",1980000.00,1,1980000.00,0,0.00,2000-03-27,GERENCIA DE SERVICIOS A USUARIOS
08JAL401307/12ATGC00,AGRÍCOLA,"ASOCIACIÓN DE USUARIOS DEL SISTEMA DE RIEGO LA BOQUILLA, A.C.",1010000.00,1,1010000.00,0,0.00,2000-03-27,GERENCIA DE SERVICIOS A USUARIOS
08JAL401308/14ATGC00,AGRÍCOLA,"ASOCIACIÓN DE USUARIOS DEL MÓDULO DE RIEGO MAGDALENA, A.C.",6840000.00,1,6840000.00,0,0.00,2000-03-27,GERENCIA DE SERVICIOS A USUARIOS
08JAL401309/14ATGC00,AGRÍCOLA,"ASOCIACIÓN DE USUARIOS DE LA UNIDAD DE RIEGO AHUALULCO, A.C.",6450000.00,1,6450000.00,0,0.00,2000-03-27,GERENCIA DE SERVICIOS A USUARIOS
08JAL401310/14ATGC00,AGRÍCOLA,"ASOCIACIÓN DE USUARIOS DEL MÓDULO DE RIEGO TEUCHITLÁN, A.C.",1060000.00,1,1060000.00,0,0.00,2000-03-27,GERENCIA DE SERVICIOS A USUARIOS
08JAL401312/14ATGC00,AGRÍCOLA,"USUARIOS DE LA UNIDAD BAJO RÍO AMECA, A.C.",6190000.00,1,6190000.00,0,0.00,2000-03-27,GERENCIA DE SERVICIOS A USUARIOS
08JAL401313/12ATGC00,AGRÍCOLA,"ASOCIACIÓN DE USUARIOS UNIDAD DE RIEGO TIZAPÁN, A.C.",7080000.00,1,7080000.00,0,0.00,2000-03-27,GERENCIA DE SERVICIOS A USUARIOS
08JAL401314/12ATGC00,AGRÍCOLA,"ASOCIACIÓN DE USUARIOS UNIDAD DE RIEGO EJIDO MODELO EMILIANO ZAPATA, A.C.",870000.00,1,870000.00,0,0.00,2000-03-27,GERENCIA DE SERVICIOS A USUARIOS
08JAL401315/12ATGC00,AGRÍCOLA,"ASOCIACIÓN DE USUARIOS DEL RÍO LERMA,  JALISCO, A.C.",6090000.00,1,6090000.00,0,0.00,2000-03-27,GERENCIA DE SERVICIOS A USUARIOS
08JAL401316/12ATGC00,AGRÍCOLA,"USUARIOS DEL RÍO LERMA LOS TRES BARATILLOS, A.C.",2780000.00,1,2780000.00,0,0.00,2000-03-27,GERENCIA DE SERVICIOS A USUARIOS
08JAL401317/12ATGC00,AGRÍCOLA,"ASOCIACIÓN DE USUARIOS DE LA UNIDAD DE RIEGO DE JAMAY, A.C.",19570000.00,1,19570000.00,0,0.00,2000-03-27,GERENCIA DE SERVICIOS A USUARIOS
08JAL401318/12ATGC00,AGRÍCOLA,"ASOCIACIÓN DE USUARIOS DE EL FUERTE, A.C.",6380000.00,1,6380000.00,0,0.00,2000-03-27,GERENCIA DE SERVICIOS A USUARIOS
08JAL401319/12ATGC00,AGRÍCOLA,"ASOCIACIÓN DE USUARIOS DE LA UNIDAD DE RIEGO DE CUITZEO,  EMILIANO ZAPATA, A.C.",9780000.00,1,9780000.00,0,0.00,2000-03-27,GERENCIA DE SERVICIOS A USUARIOS
08JAL401320/12ATGC00,AGRÍCOLA,"ASOCIACIÓN DE USUARIOS RÍO ZULA, A.C.",1560000.00,1,1560000.00,0,0.00,2000-03-27,GERENCIA DE SERVICIOS A USUARIOS
08JAL401321/12ATGC00,AGRÍCOLA,"ASOCIACIÓN DE USUARIOS DE LA UNIDAD DE RIEGO RÍO SANTIAGO, A.C.",8860000.00,1,8860000.00,0,0.00,2000-03-27,GERENCIA DE SERVICIOS A USUARIOS
08JAL401322/12ATGC00,AGRÍCOLA,"ASOCIACIÓN DE USUARIOS DE RIEGO PRESA LA COLONIA, A.C.",2630000.00,1,2630000.00,0,0.00,2000-03-27,GERENCIA DE SERVICIOS A USUARIOS
08JAL401323/12ATGC00,AGRÍCOLA,"ASOCIACIÓN DE USUARIOS DE RIEGO DE LA PRESA DE CHILA, A.C.",1000000.00,1,1000000.00,0,0.00,2000-03-27,GERENCIA DE SERVICIOS A USUARIOS
08JAL401324/12ATGC00,AGRÍCOLA,"ASOCIACIÓN DE USUARIOS DE LA UNIDAD DE RIEGO DEL CANAL AURORA, A.C.",9170000.00,1,9170000.00,0,0.00,2000-03-27,GERENCIA DE SERVICIOS A USUARIOS
08JAL401325/12ATGC00,AGRÍCOLA,"ASOCIACIÓN CANAL ZAPOTLANEJO, A.C.",10710000.00,1,10710000.00,0,0.00,2000-03-27,GERENCIA DE SERVICIOS A USUARIOS
08JAL401327/12ATGC00,AGRÍCOLA,"ASOCIACIÓN DE USUARIOS DE RIEGO LOS REYES DE CAJITITLÁN, A.C.",2370000.00,1,2370000.00,0,0.00,2000-03-27,GERENCIA DE SERVICIOS A USUARIOS
08JAL401328/12ATGC00,AGRÍCOLA,"ASOCIACIÓN DE USUARIOS AGUA CALIENTE MÓDULO NÚMERO 30, TREINTA,  SISTEMA DE RIEGO LA PÓLVORA, A.C.",13380000.00,1,13380000.00,0,0.00,2000-04-05,GERENCIA DE SERVICIOS A USUARIOS
08JAL100212/12ATGC00,AGRÍCOLA,"ASOCIACIÓN DE USUARIOS DE LA UNIDAD DE RIEGO Y DRENAJE AMATITLÁN, A.C.",6360000.00,2,6360000.00,0,0.00,2000-10-25,GERENCIA DE SERVICIOS A USUARIOS
08JAL401330/12ATGC02,AGRÍCOLA,"UNIÓN DE COLONOS DE ATEQUIZA Y LA CAPILLA, A.C.",23960000.00,1,23960000.00,0,0.00,2002-05-15,GERENCIA DE SERVICIOS A USUARIOS
08JAL100210/16ATGC00,AGRÍCOLA,"ASOCIACIÓN DE USUARIOS DE LA UNIDAD DE RIEGO AUTLÁN-EL GRULLO, A.C.",179230000.00,1,179230000.00,0,0.00,2000-10-25,GERENCIA DE SERVICIOS A USUARIOS
08JAL401311/14ATGC00,AGRÍCOLA,"ASOCIACION DE USUARIOS DE LA UNIDAD DE RIEGO AMECA, A.C.",56220000.00,1,56220000.00,0,0.00,2000-05-18,GERENCIA DE SERVICIOS A USUARIOS
08JAL409301/15ATGC00,AGRÍCOLA,"ASOCIACIÓN DE USUARIOS DEL DISTRITO DE RIEGO NO. 093, TOMATLÁN, JAL., 1A.  UNIDAD, A.C.",290300000.00,1,290300000.00,0,0.00,2000-04-14,GERENCIA DE SERVICIOS A USUARIOS
08JAL408705/12ATGC16,AGRÍCOLA,"ASOCIACIÓN DE USUARIOS VALLE DE LERMA, A.C.",72126000.00,1,57990000.00,54,14136000.00,2000-07-03,GERENCIA DE SERVICIOS A USUARIOS
08JAL100211/12ATGC16,AGRÍCOLA,"ASOCIACIÓN DE USUARIOS DE LA UNIDAD DE RIEGO DE ACATLÁN DE JUÁREZ, JALISCO, A.C.",20300000.00,2,20300000.00,0,0.00,2000-10-25,GERENCIA DE SERVICIOS A USUARIOS
08JAL401326/12ATGC16,AGRÍCOLA,"ASOCIACIÓN DE RIEGO AGRÍCOLA DEL VALLE, A.C.",690000.00,1,690000.00,0,0.00,2000-03-27,GERENCIA DE SERVICIOS A USUARIOS
08JAL401304/12ATGC00,AGRÍCOLA,"USUARIOS PRESA DEL ESTRIBON DE YAHUALICA DE GLEZ. GALLO, A.C.",1630000.00,1,1630000.00,0,0.00,2000-03-27,GERENCIA DE SERVICIOS A USUARIOS
08JAL405306/15ATGC00,AGRÍCOLA,"ASOCIACIÓN DE USUARIOS DEL MÓDULO CIHUATLÁN, MARGEN JALISCO DEL DISTRITO DE RIEGO NO. 053,  A.C.",18750000.00,1,18750000.00,0,0.00,2000-01-06,GERENCIA DE SERVICIOS A USUARIOS
08JAL409302/15ATGC99,AGRÍCOLA,"ASOCIACIÓN DE USUARIOS DE LA SEGUNDA UNIDAD DE RIEGO SAN RAFAEL, A.C.",77300000.00,1,77300000.00,0,0.00,2000-01-21,GERENCIA DE SERVICIOS A USUARIOS
08MEX403303/12ATGC00,AGRÍCOLA,"SISTEMA DE RIEGO TOXI, A.C.",2098000.00,1,2098000.00,0,0.00,2000-01-21,GERENCIA DE SERVICIOS A USUARIOS
08MEX403304/12ATGC00,AGRÍCOLA,"SISTEMA DE RIEGO J. TRINIDAD FABELA, A.C.",4560000.00,1,4560000.00,0,0.00,2000-01-21,GERENCIA DE SERVICIOS A USUARIOS
09MEX409601/26ATGC00,AGRÍCOLA,"ASOCIACIÓN DE USUARIOS DEL SISTEMA DE RIEGO HUAPANGO, ARROYO  ZARCO, A.C.",24593000.00,1,24593000.00,0,0.00,2000-01-21,GERENCIA DE SERVICIOS A USUARIOS
09MEX409602/26ATGC00,AGRÍCOLA,"ASOCIACIÓN DE USUARIOS DEL MÓDULO II (DOS) ÑADO, A.C.",8990000.00,1,8990000.00,0,0.00,2000-01-21,GERENCIA DE SERVICIOS A USUARIOS
13MEX100216/26ATGC00,AGRÍCOLA,"USUARIOS DE LA UNIDAD DE RIEGO LA CONCEPCIÓN, A.C.",2323000.00,1,2323000.00,0,0.00,2000-10-25,GERENCIA DE SERVICIOS A USUARIOS
13MEX408801/26ATGC03,AGRÍCOLA,"ASOCIACIÓN DE USUARIOS DEL DISTRITO DE RIEGO 088 ""ELHUÉRFANO"", MÉXICO, A.C.",55860000.00,1,55860000.00,0,0.00,2003-08-26,GERENCIA DE SERVICIOS A USUARIOS
13MEX404401/26ATGC99,AGRÍCOLA,"ASOCIACION DE USUARIOS DEL DISTRITO DE RIEGO 044 JILOTEPEC, MEXICO,A.C.",12156600.00,1,12156600.00,0,0.00,1999-12-28,GERENCIA DE SERVICIOS A USUARIOS
08MEX403301/12ATGC03,AGRÍCOLA,"SISTEMA DE RIEGO TEMASCALCINGO, A.C.",16822000.00,1,16822000.00,0,0.00,2003-06-30,GERENCIA DE SERVICIOS A USUARIOS
04MCH409702/18ATGC00,AGRÍCOLA,"ASOCIACIÓN DE USUARIOS DE RIEGO ""J. TRINIDAD PÉREZ NAVARRO"", A.C.",186500000.00,1,186500000.00,0,0.00,2000-04-05,GERENCIA DE SERVICIOS A USUARIOS
04MCH409703/18ATGC00,AGRÍCOLA,"ASOCIACIÓN DE USUARIOS DE RIEGO BENITO JUÁREZ, A.C.",111880000.00,1,111880000.00,0,0.00,2000-04-05,GERENCIA DE SERVICIOS A USUARIOS
04MCH409802/18ATGC00,AGRÍCOLA,"ASOCIACIÓN DE USUARIOS DE LA UNIDAD DE RIEGO NO. 2, MICHOACÁN, DISTRITO DE RIEGO NO. 98  ""JOSÉ MARÍA MORELOS"", A.C.",62640000.00,1,62640000.00,0,0.00,2000-03-06,GERENCIA DE SERVICIOS A USUARIOS
04MCH409901/18ATGC99,AGRÍCOLA,"PRODUCTORES AGRÍCOLAS DEL MODULO LA MAGDALENA DEL DISTRITO DE RIEGO 099, QUITUPAN-LA MAGDALENA, A.C.",6370000.00,1,6370000.00,0,0.00,1999-12-28,GERENCIA DE SERVICIOS A USUARIOS
08MCH404504/18ATGC00,AGRÍCOLA,"TAXIMAROA-AGOSTITLÁN-PUCUATO-SABANETA, A.C.",39650000.00,1,39650000.00,0,0.00,2000-03-02,GERENCIA DE SERVICIOS A USUARIOS
08MCH404506/18ATGC00,AGRÍCOLA,"SANTIAGO TUXPAN, MICH., A.C.",33350000.00,1,33350000.00,0,0.00,2000-03-02,GERENCIA DE SERVICIOS A USUARIOS
04MCH100215/18ATGC00,AGRÍCOLA,"PRODUCTORES AGRÍCOLAS DEL MÓDULO QUITUPAN DEL DISTRITO DE RIEGO 099, QUITUPAN LA MAGDALENA, A.C.",6440000.00,1,6440000.00,0,0.00,2000-10-25,GERENCIA DE SERVICIOS A USUARIOS
08MCH404505/18ATGC01,AGRÍCOLA,"LOS ZARCOS, A. C.",25617000.00,1,25617000.00,0,0.00,2001-01-29,GERENCIA DE SERVICIOS A USUARIOS
04MCH409713/18ATSG14,AGRÍCOLA,"ASOCIACION DE USUARIOS DE RIEGO EL LLANO DEL LIMON, A.C.",100000000.00,1,100000000.00,0,0.00,2014-05-21,SUBDIRECCIÓN GENERAL DE ADMINISTRACIÓN DEL AGUA
08MCH402002/12ATGC00,AGRÍCOLA,"ASOCIACION DE USUARIOS DEL RIO GRANDE DE MORELIA, A.C.",4290000.00,1,4290000.00,0,0.00,2000-01-21,GERENCIA DE SERVICIOS A USUARIOS
08MCH402003/12ATGC00,AGRÍCOLA,"ASOCIACION DE AGRICULTORES DEL VALLE DE ALVARO OBREGON-TARIMBARO, A.C.",47650000.00,1,47650000.00,0,0.00,2000-01-21,GERENCIA DE SERVICIOS A USUARIOS
08MCH402005/12ATGC00,AGRÍCOLA,"ASOCIACION DE USUARIOS DE LA PRESA MAL PAIS, A.C.",20430000.00,1,20430000.00,0,0.00,2000-01-21,GERENCIA DE SERVICIOS A USUARIOS
08MCH402006/12ATGC00,AGRÍCOLA,LÁZARO CÁRDENAS-MANANTIAL-CHAPULTEPEC A.C.,3180000.00,1,3180000.00,0,0.00,2000-01-21,GERENCIA DE SERVICIOS A USUARIOS
08MCH402401/12ATGC00,AGRÍCOLA,"LA PALMA DE LA CIENEGA, A.C.",55180000.00,5,55180000.00,0,0.00,2000-01-21,GERENCIA DE SERVICIOS A USUARIOS
08MCH402402/12ATGC00,AGRÍCOLA,"CUMUATO, A.C.",35520000.00,2,35520000.00,0,0.00,2000-01-21,GERENCIA DE SERVICIOS A USUARIOS
08MCH402403/12ATGC00,AGRÍCOLA,"BALLESTEROS DE SAN CRISTOBAL, A.C.",32180000.00,1,32180000.00,0,0.00,2000-03-06,GERENCIA DE SERVICIOS A USUARIOS
08MCH406101/12ATGC99,AGRÍCOLA,"ASOCIACIÓN DE PRODUCTORES AGRÍCOLAS DE LAS PRESAS UREPÉTIRO Y VERDUZCO, A.C.",50030000.00,3,50030000.00,0,0.00,2000-01-06,GERENCIA DE SERVICIOS A USUARIOS
08MCH406102/12ATGC99,AGRÍCOLA,"ASOCIACIÓN DE PRODUCTORES AGRÍCOLAS DEL CANAL PRINCIPAL CHAPARACO, A.C. MÓDULO II",59700000.00,1,59700000.00,0,0.00,1999-12-28,GERENCIA DE SERVICIOS A USUARIOS
08MCH406103/12ATGC99,AGRÍCOLA,"ASOCIACIÓN DE PRODUCTORES AGRÍCOLAS DEL RÍO NUEVO, A.C.",50150000.00,1,50150000.00,0,0.00,1999-12-28,GERENCIA DE SERVICIOS A USUARIOS
08MCH406104/12ATGC99,AGRÍCOLA,"ASOCIACIÓN DE PRODUCTORES AGRÍCOLAS DE LOS CANALES PEÑITAS, LA ESTANZUELA Y GUARACHEÑA, A.C. MÓDULO IV",58050000.00,1,58050000.00,0,0.00,1999-12-28,GERENCIA DE SERVICIOS A USUARIOS
08MCH408701/12ATGC00,AGRÍCOLA,"ASOCIACIÓN DE USUARIOS DE RIEGO DEL VALLE DE ANGAMACÚTIRO, A.C.",44090000.00,1,37790000.00,14,6300000.00,2000-07-03,GERENCIA DE SERVICIOS A USUARIOS
08MCH408702/12ATGC00,AGRÍCOLA,"ASOCIACIÓN DE USUARIOS DE RIEGO LA PIEDAD, A.C.",85374000.00,1,84840000.00,4,534000.00,2000-07-03,GERENCIA DE SERVICIOS A USUARIOS
08MCH408703/12ATGC00,AGRÍCOLA,"ASOCIACIÓN DE USUARIOS DE LA JUNTA DE AGUAS  YURÉCUARO, A.C.",8870000.00,1,8070000.00,3,800000.00,2000-07-03,GERENCIA DE SERVICIOS A USUARIOS
08MCH408704/12ATGC00,AGRÍCOLA,"ASOCIACIÓN DE USUARIOS DE RIEGO LÁZARO CÁRDENAS, A.C.",19950000.00,1,14350000.00,21,5600000.00,2000-07-03,GERENCIA DE SERVICIOS A USUARIOS
08MCH408706/12ATGC00,AGRÍCOLA,"ASOCIACIÓN DE USUARIOS DEL BAJÍO MICHOACANO, A.C.",71970000.00,1,38770000.00,32,33200000.00,2000-07-03,GERENCIA DE SERVICIOS A USUARIOS
08MCH408707/12ATGC00,AGRÍCOLA,"ASOCIACIÓN DE USUARIOS CIÉNEGA DE ZACAPU, A.C.",55366000.00,2,55366000.00,0,0.00,2000-07-03,GERENCIA DE SERVICIOS A USUARIOS
04MCH409701/18ATGC00,AGRÍCOLA,"ASOCIACIÓN DE USUARIOS DE RIEGO LOMBARDÍA, A.C.",108680000.00,1,108680000.00,0,0.00,2000-04-05,GERENCIA DE SERVICIOS A USUARIOS
04MCH409704/18ATGC00,AGRÍCOLA,"ASOCIACIÓN DE USUARIOS DE RIEGO DE LA PRESA ZICUIRÁN, A.C.",43020000.00,1,43020000.00,0,0.00,2000-04-05,GERENCIA DE SERVICIOS A USUARIOS
04MCH409707/18ATGC00,AGRÍCOLA,"ASOCIACIÓN DE USUARIOS DE RIEGO MANANTIALES DE APATZINGÁN, A.C.",107060000.00,1,107060000.00,0,0.00,2000-04-05,GERENCIA DE SERVICIOS A USUARIOS
04MCH409708/18ATGC00,AGRÍCOLA,"ASOCIACIÓN DE USUARIOS DEL MÓDULO NO. 7 DE BUENAVISTA TOMATLÁN, MICH.  ING. ELÍAS PÉREZ ÁVALOS, A.C.",48620000.00,1,48620000.00,0,0.00,2000-04-05,GERENCIA DE SERVICIOS A USUARIOS
04MCH409709/18ATGC00,AGRÍCOLA,"ASOCIACIÓN DE USUARIOS DE RIEGO DEL VALLE DE TOMATÁN, A.C.",97210000.00,1,97210000.00,0,0.00,2000-04-05,GERENCIA DE SERVICIOS A USUARIOS
04MCH409710/18ATGC00,AGRÍCOLA,"ASOCIACIÓN DE USUARIOS FELIPE CARRILLO PUERTO, A.C.",104280000.00,1,104280000.00,0,0.00,2000-04-05,GERENCIA DE SERVICIOS A USUARIOS
04MCH409712/18ATGC00,AGRÍCOLA,"ASOCIACIÓN DE USUARIOS LICENCIADO NATALIO VÁZQUEZ PALLARES, A.C.",118090000.00,1,118090000.00,0,0.00,2000-04-24,GERENCIA DE SERVICIOS A USUARIOS
08MCH404501/12ATGC00,AGRÍCOLA,"DERIVACIONES DIRECTAS DEL RÍO LERMA MELCHOR OCAMPO, A.C.",68000000.00,1,55000000.00,16,13000000.00,2000-03-02,GERENCIA DE SERVICIOS A USUARIOS
04MCH409705/18ATGC00,AGRÍCOLA,"ASOCIACIÓN DE USUARIOS PARÁCUARO, A.C.",119000000.00,1,119000000.00,0,0.00,2000-04-05,GERENCIA DE SERVICIOS A USUARIOS
04MCH409706/18ATGC00,AGRÍCOLA,"ASOCIACIÓN DE USUARIOS PRESA CANCITA, A.C.",8190000.00,1,8190000.00,0,0.00,2000-04-24,GERENCIA DE SERVICIOS A USUARIOS
04MCH409711/18ATGC00,AGRÍCOLA,"ASOCIACIÓN DE USUARIOS DEL DISTRITO DE RIEGO O97 EN TEPALCATEPEC, MICHOACÁN, A.C.",135340000.00,1,135340000.00,0,0.00,2000-04-05,GERENCIA DE SERVICIOS A USUARIOS
08MCH404502/12ATGC00,AGRÍCOLA,"LAGUNA SAN JOSÉ DEL FRESNO EN EL MUNICIPIO DE MARAVATÍO, MICH., A.C.",17595000.00,4,15595000.00,4,2000000.00,2000-03-02,GERENCIA DE SERVICIOS A USUARIOS
08MCH404503/12ATGC00,AGRÍCOLA,"LA PRESA DEL TERCER MUNDO (ANTES CHINCUA), A.C.",15000000.00,1,15000000.00,0,0.00,2000-03-02,GERENCIA DE SERVICIOS A USUARIOS
08MCH404507/18ATGC00,AGRÍCOLA,"CANOAS HUANGUITIO, A.C.",40000000.00,1,40000000.00,0,0.00,2000-03-02,GERENCIA DE SERVICIOS A USUARIOS
08MCH402001/12ATGC18,AGRÍCOLA,"ASOCIACION DE USUARIOS AGUAS DE MORELIA, A.C.",5470000.00,1,5470000.00,0,0.00,2000-01-21,GERENCIA DE SERVICIOS A USUARIOS
08MCH402004/12ATGC18,AGRÍCOLA,"ASOCIACION DE USUARIOS DEL CANAL ZACAPENDO, A.C.",21240000.00,1,21240000.00,0,0.00,2000-01-21,GERENCIA DE SERVICIOS A USUARIOS
04MCH409714/18ATGC19,AGRÍCOLA,"SISTEMA 18 DE MARZO, A.C.",94330000.00,1,94330000.00,0,0.00,2019-02-13,GERENCIA DE SERVICIOS A USUARIOS
04MOR401601/18ATGC00,AGRÍCOLA,"USUARIOS DE RIEGO DEL RÍO CHALMA, REVOLUCIÓN DEL SUR, A.C.",49940000.00,1,49940000.00,0,0.00,2000-04-05,GERENCIA DE SERVICIOS A USUARIOS
04MOR401603/18ATGC00,AGRÍCOLA,"ASOCIACIÓN DE USUARIOS DEL ALTO APATLACO, A.C.",38590000.00,1,38590000.00,0,0.00,2000-04-05,GERENCIA DE SERVICIOS A USUARIOS
04MOR401604/18ATGC00,AGRÍCOLA,"UNIÓN DE USUARIOS CUENCA DE LAS FUENTES, A.C.",66790000.00,1,66790000.00,0,0.00,2000-04-05,GERENCIA DE SERVICIOS A USUARIOS
04MOR401608/18ATGC00,AGRÍCOLA,"GENERAL EUFEMIO ZAPATA SALAZAR, A.C.",247530000.00,5,247530000.00,0,0.00,2000-04-05,GERENCIA DE SERVICIOS A USUARIOS
04MOR401605/18ATGC00,AGRÍCOLA,"ORGANIZACIÓN DE USUARIOS AGROSIGLO XXI, A.C.",294440000.00,4,294440000.00,0,0.00,2000-04-05,GERENCIA DE SERVICIOS A USUARIOS
03NAY404301/14ATGC00,AGRÍCOLA,"ASOCIACIÓN DE USUARIOS DE LA UNIDAD DE RIEGO VALLE DE BANDERAS DEL MUNICIPIO BAHÍA DE BANDERAS NAYARIT, A.C.",91895000.00,1,89495000.00,18,2400000.00,2000-08-21,GERENCIA DE SERVICIOS A USUARIOS
03NAY404303/11ATGC00,AGRÍCOLA,"ASOCIACIÓN DE USUARIOS AGRÍCOLAS DE LA UNIDAD DE RIEGO RÍO SANTIAGO MARGEN DERECHA DEL DISTRITO DE RIEGO NÚM. 043 DEL ESTADO DE NAYARIT, A.C.",32996000.00,1,32996000.00,0,0.00,2000-08-21,GERENCIA DE SERVICIOS A USUARIOS
03NAY404304/12ATGC00,AGRÍCOLA,"ASOCIACIÓN DE USUARIOS AGRÍCOLAS DE LA UNIDAD DE RIEGO RÍO SAN PEDRO MARGEN DERECHA DEL DISTRITO DE RIEGO NÚM. 043 DEL ESTADO DE NAYARIT, A.C.",32767000.00,1,32767000.00,0,0.00,2000-08-21,GERENCIA DE SERVICIOS A USUARIOS
03NAY404302/12ATGC00,AGRÍCOLA,"ASOCIACIÓN DE USUARIOS DE LA UNIDAD DE RIEGO MARGEN IZQUIERDA RÍO SANTIAGO, A.C.",239661000.00,1,239661000.00,0,0.00,2000-08-21,GERENCIA DE SERVICIOS A USUARIOS
06NVL403101/24ATGC00,AGRÍCOLA,"ASOCIACIÓN DE AGRICULTORES DEL DISTRITO DE RIEGO LAS LAJAS, A.C.",24000000.00,1,24000000.00,0,0.00,2000-05-18,GERENCIA DE SERVICIOS A USUARIOS
06NVL400402/24ATGC17,AGRÍCOLA,"ASOCIACIÓN DE USUARIOS DEL MÓDULO NO. 2 DEL DISTRITO DE RIEGO 04 DON MARTÍN, COAHUILA Y NUEVO LEÓN, SALINILLAS, A.C.",17184900.00,1,17184900.00,0,0.00,1999-12-28,GERENCIA DE SERVICIOS A USUARIOS
06NVL400403/24ATGC17,AGRÍCOLA,"ASOCIACIÓN DE USUARIOS DEL MÓDULO NO. 3 DEL DISTRITO DE RIEGO 04 DON MARTÍN COAHUILA Y NUEVO LEÓN, LA CAPILLA, A.C.",21434230.00,1,21434230.00,0,0.00,1999-12-28,GERENCIA DE SERVICIOS A USUARIOS
06NVL400404/24ATGC17,AGRÍCOLA,"ASOCIACIÓN DE USUARIOS DEL MÓDULO NO. 04 DEL DISTRITO DE RIEGO 04 DON MARTÍN COAHUILA Y NUEVO LEÓN, CAMARÓN, A.C.",37999400.00,1,37999400.00,0,0.00,1999-12-28,GERENCIA DE SERVICIOS A USUARIOS
06NVL400405/24ATGC17,AGRÍCOLA,"ASOCIACIÓN DE USUARIOS DEL MÓDULO NO. 5 DEL DISTRITO DE RIEGO 04 DON MARTÍN COAHUILA Y NUEVO LEÓN, NIÑO ARTILLERO, A.C.",20886010.00,1,20886010.00,0,0.00,1999-12-28,GERENCIA DE SERVICIOS A USUARIOS
06NVL400406/24ATGC17,AGRÍCOLA,"ASOCIACIÓN DE USUARIOS DEL MÓDULO NO. 6 DEL DISTRITO DE RIEGO 04 DON MARTÍN COAHUILA Y NUEVO LEÓN, LA BATIDORA, A.C.",2307080.00,1,2307080.00,0,0.00,1999-12-28,GERENCIA DE SERVICIOS A USUARIOS
06NVL400407/24ATGC17,AGRÍCOLA,"ASOCIACIÓN DE USUARIOS DEL MÓDULO NO. 7 DEL DISTRITO DE RIEGO  04 DON MARTÍN, COAHUILA Y NUEVO LEÓN, TRES EJIDOS UNIDOS, A.C.",2029190.00,1,2029190.00,0,0.00,1999-12-28,GERENCIA DE SERVICIOS A USUARIOS
05OAX401904/22ATGC03,AGRÍCOLA,SECRETARIA DE LA DEFENSA NACIONAL BASE AÉREA MILITAR N° 2 IXTEPEC,7429000.00,1,7429000.00,0,0.00,2003-11-21,GERENCIA DE SERVICIOS A USUARIOS
05OAX401903/22ATGC04,AGRÍCOLA,"NISA BIASA, AGUA DEL CANAL, A. C.",74101000.00,1,74101000.00,0,0.00,2001-02-14,GERENCIA DE SERVICIOS A USUARIOS
05OAX401905/22ATGC03,AGRÍCOLA,"USUARIOS DE RIEGO EL ESPINAL, A.C.",38257000.00,1,38257000.00,0,0.00,2003-11-21,GERENCIA DE SERVICIOS A USUARIOS
05OAX401906/22ATGC03,AGRÍCOLA,"USUARIOS DEL MÓDULO NO. 6, LA VENTOSA, A.C.",35098000.00,1,35098000.00,0,0.00,2000-07-03,GERENCIA DE SERVICIOS A USUARIOS
05OAX401907/22ATGC03,AGRÍCOLA,"ORGANIZACIÓN DE USUARIOS ESPÍRITU SANTO LA VENTA UNIÓN HIDALGO OAXACA, A.C.",44267000.00,1,44267000.00,0,0.00,2000-07-03,GERENCIA DE SERVICIOS A USUARIOS
05OAX401908/22ATGC03,AGRÍCOLA,"ORGANIZACIÓN DE USUARIOS DE RIEGO IXTALTEPECANOS, A.C.",21688000.00,1,21688000.00,0,0.00,2003-11-21,GERENCIA DE SERVICIOS A USUARIOS
05OAX401909/22ATGC03,AGRÍCOLA,"ASOCIACIÓN DE USUARIOS CHEGUIGO, A.C.",15542000.00,1,15542000.00,0,0.00,2003-11-21,GERENCIA DE SERVICIOS A USUARIOS
05OAX401910/22ATGC09,AGRÍCOLA,"ORGANIZACIÓN DE USUARIOS DE RIEGO JUCHITÁN-CHEGUIGO, A.C.",11982900.00,1,11982900.00,0,0.00,2010-03-03,GERENCIA DE SERVICIOS A USUARIOS
05OAX401912/22ATDA14,AGRÍCOLA,"ORGANIZACIÓN DE USUARIOS DE RIEGO JUCHITÁN - XHADANI, A.C.",32361500.00,1,32361500.00,0,0.00,2010-03-03,DIRECCIÓN DE ADMINISTRACIÓN DEL AGUA EN EL ORGANISMO DE CUENCA PACÍFICO SUR
05OAX401911/22ATDA13,AGRÍCOLA,"ORGANIZACIÓN DE USUARIOS DE RIEGO XAVIZENDE, A.C.",57696600.00,1,57696600.00,0,0.00,2010-03-03,DIRECCIÓN DE ADMINISTRACIÓN DEL AGUA EN EL ORGANISMO DE CUENCA PACÍFICO SUR
05OAX401902/22ATGC03,AGRÍCOLA,"AGUA DEL RÍO GRANDE, A.C.",23624000.00,1,23624000.00,0,0.00,2000-07-03,GERENCIA DE SERVICIOS A USUARIOS
05OAX411001/20ATGC00,AGRÍCOLA,"USUARIOS DE RIEGO DE LA MARGEN IZQUIERDA (ZONA GRAVEDAD) DEL DISTRITO DE RIEGO RÍO VERDE - PROGRESO, A.C.",15723000.00,1,15723000.00,0,0.00,2000-05-03,GERENCIA DE SERVICIOS A USUARIOS
05OAX411002/20ATGC00,AGRÍCOLA,"AGROPECUARIOS DEL SISTEMA DE RIEGO RÍO VERDE, OAXACA, A.C.",7355000.00,1,7355000.00,0,0.00,2000-05-03,GERENCIA DE SERVICIOS A USUARIOS
04PUE403001/18ATGC99,AGRÍCOLA,MODULO NO. 1 LUCIANO M. SANCHEZ A. C.,35321000.00,1,35321000.00,0,0.00,1999-12-28,GERENCIA DE SERVICIOS A USUARIOS
04PUE403002/18ATGC99,AGRÍCOLA,"MODULO NO. 2 LAZARO CARDENAS, A.C.",47832000.00,1,47832000.00,0,0.00,1999-12-28,GERENCIA DE SERVICIOS A USUARIOS
04PUE403003/18ATGC99,AGRÍCOLA,MÓDULO NO. 3 MANUEL ÁVILA CAMACHO A.C.,25323000.00,1,25323000.00,0,0.00,1999-12-28,GERENCIA DE SERVICIOS A USUARIOS
04PUE403004/18ATGC99,AGRÍCOLA,TLACOTEPEC DE BENITO JUÁREZ MÓDULO 4 A.C.,51316000.00,1,51316000.00,0,0.00,1999-12-28,GERENCIA DE SERVICIOS A USUARIOS
04PUE403005/18ATGC99,AGRÍCOLA,MODULO 5 GENERAL EMILIANO ZAPATA A.C.,24937000.00,1,24937000.00,0,0.00,1999-12-28,GERENCIA DE SERVICIOS A USUARIOS
04PUE403006/18ATGC99,AGRÍCOLA,"MODULO 6 ADOLFO LOPEZ MATEOS, A.C.",44701000.00,1,44701000.00,0,0.00,1999-12-28,GERENCIA DE SERVICIOS A USUARIOS
09QRO402301/26ATGC00,AGRÍCOLA,"ASOCIACIÓN DE USUARIOS DE LA PRIMERA UNIDAD MÓDULO 1 DEL DISTRITO DE RIEGO 023 DE SAN JUAN DEL RÍO QUERÉTARO, A.C.",48513200.00,1,15525200.00,25,32988000.00,2000-04-24,GERENCIA DE SERVICIOS A USUARIOS
09QRO402302/26ATGC00,AGRÍCOLA,"ASOCIACIÓN DE USUARIOS DE LA SEGUNDA UNIDAD MODULO DOS DEL DISTRITO DE RIEGO NO. 023 SAN JUAN DEL RÍO, QRO., A.C.",46014600.00,1,23502600.00,23,22512000.00,2000-04-24,GERENCIA DE SERVICIOS A USUARIOS
09QRO402303/26ATGC00,AGRÍCOLA,"EJIDO LA PALMA, A.C",8210300.00,1,1418300.00,4,6792000.00,2000-04-24,GERENCIA DE SERVICIOS A USUARIOS
09SLP409201/26ATOC13,AGRÍCOLA,"ASOCIACIÓN DE USUARIOS BARROTE I, A.C.",6412000.00,1,6412000.00,0,0.00,2000-07-31,DIRECCIÓN GENERAL DEL ORGANISMO DE CUENCA GOLFO NORTE
09SLP409202/26ATOC13,AGRÍCOLA,"ASOCIACIÓN DE EJIDOS DEL NORTE DE VERACRUZ, A.C.",30864000.00,1,30864000.00,0,0.00,2000-07-31,DIRECCIÓN GENERAL DEL ORGANISMO DE CUENCA GOLFO NORTE
09SLP409203/26ATOC13,AGRÍCOLA,"ASOCIACIÓN DE USUARIOS VOLUNTAD Y TRABAJO, A.C.",45923880.00,1,45923880.00,0,0.00,2000-07-31,DIRECCIÓN GENERAL DEL ORGANISMO DE CUENCA GOLFO NORTE
09SLP409204/26ATOC13,AGRÍCOLA,"TAMPAÓN PORVENIR, A.C.",63077760.00,1,63077760.00,0,0.00,2000-07-31,DIRECCIÓN GENERAL DEL ORGANISMO DE CUENCA GOLFO NORTE
09SLP409205/26ATOC13,AGRÍCOLA,"ASOCIACIÓN DE USUARIOS ÉBANO, A.C.",23994000.00,1,23994000.00,0,0.00,2000-07-31,DIRECCIÓN GENERAL DEL ORGANISMO DE CUENCA GOLFO NORTE
09SLP409206/26ATOC13,AGRÍCOLA,"ASOCIACIÓN DE USUARIOS AUZA VELAZCO, A.C.",31860000.00,1,31860000.00,0,0.00,2000-07-31,DIRECCIÓN GENERAL DEL ORGANISMO DE CUENCA GOLFO NORTE
09SLP409207/26ATOC13,AGRÍCOLA,"ASOCIACIÓN DE USUARIOS GUAYALEJO II, A.C.",64063000.00,1,64063000.00,0,0.00,2000-07-31,DIRECCIÓN GENERAL DEL ORGANISMO DE CUENCA GOLFO NORTE
09SLP409208/26ATOC13,AGRÍCOLA,"ASOCIACIÓN DE USUARIOS TULILLO, A.C.",37356000.00,1,37356000.00,0,0.00,2000-07-31,DIRECCIÓN GENERAL DEL ORGANISMO DE CUENCA GOLFO NORTE
09SLP409209/26ATOC13,AGRÍCOLA,"ASOCIACIÓN DE USUARIOS DE CHAPACAO, A.C.",66629940.00,1,66629940.00,0,0.00,2000-07-31,DIRECCIÓN GENERAL DEL ORGANISMO DE CUENCA GOLFO NORTE
09SLP404901/26ATGC00,AGRÍCOLA,"ASOCIACIÓN DE USUARIOS DEL SISTEMA DE RIEGO DEL DISTRITO 049, MEDIA LUNA DE RIOVERDE, S.L.P., A.C.",46886500.00,1,46886500.00,0,0.00,2000-05-03,GERENCIA DE SERVICIOS A USUARIOS
03SIN401002/10ATGC00,AGRÍCOLA,"A.U.P.A. BACHIMETO, MODULO I-2,  A.C.",68788000.00,1,63600000.00,110,5188000.00,2000-11-06,GERENCIA DE SERVICIOS A USUARIOS
03SIN401003/10ATGC00,AGRÍCOLA,"A.U.P.A. OTAMETO, MODULO I-3, A.C",143087000.00,1,132300000.00,110,10787000.00,2000-11-06,GERENCIA DE SERVICIOS A USUARIOS
03SIN401004/10ATGC00,AGRÍCOLA,"PANAC 7, A.C.",279368000.00,1,258300000.00,110,21068000.00,2000-11-21,GERENCIA DE SERVICIOS A USUARIOS
03SIN401005/10ATGC00,AGRÍCOLA,"PRODUCTORES AGRICOLAS ASOCIADOS DE LA SECCION DE RIEGO NUMERO (1)  UNO DEL DISTRITO DE DESARROLLO RURAL NÚMERO 136, A.C.",149148000.00,1,137900000.00,110,11248000.00,2000-11-06,GERENCIA DE SERVICIOS A USUARIOS
03SIN401006/10ATGC00,AGRÍCOLA,"ASOCIACION DE USUARIOS PRODUCTORES AGRICOLAS EL GRANDE, A. C.",305754000.00,1,282700000.00,110,23054000.00,2000-11-06,GERENCIA DE SERVICIOS A USUARIOS
03SIN401007/10ATGC00,AGRÍCOLA,"A.U.P.A. CULIACANCITO MÓDULO IV-1,  A.C.",155093000.00,1,143400000.00,110,11693000.00,2000-11-06,GERENCIA DE SERVICIOS A USUARIOS
03SIN401008/10ATGC00,AGRÍCOLA,"APA DE LA SECCION DE RIEGO CANALES LATERALES K 41+800, K 42+650, K44+900 Y K46+636 DEL CANAL PRINCIPAL HUMAYA, DEL DISTRITO DE RIEGO NÚMERO 010 CULIACAN-HUMAYA-SAN LORENZO, A. C.",122970000.00,1,113700000.00,110,9270000.00,2000-11-06,GERENCIA DE SERVICIOS A USUARIOS
03SIN401009/10ATGC00,AGRÍCOLA,"JUNTA DE USUARIOS DE LOS CANALES LATERALES 48+840 Y 53+500 DEL CANAL PRINCIPAL HUMAYA, A.C.",92584000.00,1,85600000.00,110,6984000.00,2000-11-06,GERENCIA DE SERVICIOS A USUARIOS
03SIN401010/10ATGC00,AGRÍCOLA,"A. U. P. A. MONTELARGO, IV-4, A.C.",149366000.00,1,138100000.00,110,11266000.00,2000-11-06,GERENCIA DE SERVICIOS A USUARIOS
03SIN401012/10ATGC00,AGRÍCOLA,"AUPA DE LA ZONA NORTE DEL VALLE DE ANGOSTURA, MODULO V-II DEL DISTRITO DE RIEGO N° 010 CULIACAN-HUMAYA-SAN LORENZO, A. C.",288130000.00,1,266400000.00,110,21730000.00,2000-11-06,GERENCIA DE SERVICIOS A USUARIOS
03SIN407402/10ATGC00,AGRÍCOLA,"ASOCIACION DE USUARIOS PRODUCTORES AGROPECUARIOS EUSTAQUIO BUELNA MODULO 74-2, A.C.",183536000.00,1,169700000.00,110,13836000.00,2000-11-06,GERENCIA DE SERVICIOS A USUARIOS
03SIN410901/10ATGC00,AGRÍCOLA,"AUPA QUILA-COSTA RICA, DE LA SECCION DE RIEGO CANAL PRINCIPAL NUEVO SAN LORENZO Y CANAL PRINCIPAL VIEJO SAN LORENZO, MODULO III-1 DEL DISTRITO DE RIEGO N° 010 CULIACAN-HUMAYA-SAN LORENZO, A.C.",203657000.00,1,188300000.00,110,15357000.00,2000-11-06,GERENCIA DE SERVICIOS A USUARIOS
03SIN410902/10ATGC00,AGRÍCOLA,"AUPA EL DORADO DE LA SECCION DE RIEGO COMPRENDIDA DEL KM. 63+000 AL PUNTO FINAL DEL CANAL PRINCIPAL ORIENTAL  Y CANAL PRINCIPAL EL DORADO,  III-2  DEL DISTRITO DE RIEGO N° 010 CULIACAN-HUMAYA-SAN LORENZO, A.C.",101124000.00,1,93500000.00,110,7624000.00,2000-11-06,GERENCIA DE SERVICIOS A USUARIOS
03SIN410903/10ATGC00,AGRÍCOLA,"AUPA DE LA SECCION DE RIEGO CANAL PRINCIPAL VIEJO COLORADO Y CANAL PRINCIPAL ROJO, MODULO VI-1, DEL DISTRITO DE RIEGO N°010 CULIACAN-HUMAYA-SAN LORENZO, A. C.",160614000.00,1,148500000.00,110,12114000.00,2000-11-06,GERENCIA DE SERVICIOS A USUARIOS
03SIN407501/10ATGC01,AGRÍCOLA,"A.U.P.A. GUASAVE, MÓDULO I-1, A.C.",233927000.00,1,225336000.00,74,8591000.00,2001-05-14,GERENCIA DE SERVICIOS A USUARIOS
03SIN407502/10ATGC01,AGRÍCOLA,"ASOCIACIÓN DE USUARIOS PRODUCTORES AGRÍCOLAS MÓDULO I-2 RÍO FUERTE, A.C.",259841000.00,1,250299000.00,74,9542000.00,2001-05-14,GERENCIA DE SERVICIOS A USUARIOS
03SIN407503/10ATGC01,AGRÍCOLA,"ASOCIACIÓN DE USUARIOS PRODUCTORES AGRÍCOLAS MÓDULO II-1 LEYVA SOLANO, A.C.",170009000.00,1,163766000.00,74,6243000.00,2001-05-14,GERENCIA DE SERVICIOS A USUARIOS
03SIN407504/10ATGC01,AGRÍCOLA,"ASOCIACIÓN DE USUARIOS PRODUCTORES AGRÍCOLAS ""RUIZ CORTINES"", MÓDULO II-2 , A.C.",225344000.00,1,217069000.00,74,8275000.00,2001-05-14,GERENCIA DE SERVICIOS A USUARIOS
03SIN407505/10ATGC01,AGRÍCOLA,"ASOCIACIÓN DE USUARIOS PRODUCTORES AGRÍCOLAS ""BATEQUIS"",  MÓDULO II-3 , A.C.",144404000.00,1,139101000.00,74,5303000.00,2001-05-14,GERENCIA DE SERVICIOS A USUARIOS
03SIN407508/10ATGC01,AGRÍCOLA,"ASOCIACIÓN DE USUARIOS PRODUCTORES AGRÍCOLAS SEVELBAMPO MÓDULO IV-1, A.C.",278974000.00,1,268729000.00,74,10245000.00,2001-05-14,GERENCIA DE SERVICIOS A USUARIOS
03SIN407509/10ATGC01,AGRÍCOLA,"ASOCIACIÓN DE USUARIOS PRODUCTORES AGRÍCOLAS ""PASCOLA"", MÓDULO IV-2, A.C.",226130000.00,1,217826000.00,74,8304000.00,2001-05-14,GERENCIA DE SERVICIOS A USUARIOS
03SIN407510/10ATGC01,AGRÍCOLA,"A. U. P. A.  MAVARI, MÓDULO V-1, A.C.",177353000.00,1,170840000.00,74,6513000.00,2001-05-14,GERENCIA DE SERVICIOS A USUARIOS
03SIN407511/10ATGC01,AGRÍCOLA,"A.U. P. A. CAHUINAHUA  V-2, A.C.",83252000.00,1,80195000.00,74,3057000.00,2001-05-14,GERENCIA DE SERVICIOS A USUARIOS
03SIN407606/10ATGC01,AGRÍCOLA,"ASOCIACIÓN DE USUARIOS PRODUCTORES AGRÍCOLAS LA CAPILLA, MÓDULO NO. 6 DEL VALLE DEL FUERTE, A.C.",20091000.00,2,20091000.00,0,0.00,2001-05-14,GERENCIA DE SERVICIOS A USUARIOS
03SIN407607/10ATGC01,AGRÍCOLA,"ASOCIACIÓN DE USUARIOS PRODUCTORES AGRÍCOLAS DEL MÓDULO NO. 7 ""LOS LLANOS"", DEL DISTRITO DE RIEGO NO. 76, VALLE DEL CARRIZO, EL FUERTE, SINALOA, A.C.",48409000.00,2,48409000.00,0,0.00,2001-05-14,GERENCIA DE SERVICIOS A USUARIOS
03SIN407608/10ATGC01,AGRÍCOLA,"PROYECTO VIVAJAQUI, A.C.",15700000.00,1,15700000.00,0,0.00,2001-05-14,GERENCIA DE SERVICIOS A USUARIOS
03SIN410904/10ATGC00,AGRÍCOLA,"AUPA DE LA SECCION DE RIEGO CANAL PRINCIPAL NUEVO COLORADO K. 9 +300 Y CANAL LATERAL KM. 9 + 010 DEL DISTRITO DE RIEGO N 010 CULIACAN-HUMAYA-SAN LORENZO, A.C.",212958000.00,1,196900000.00,110,16058000.00,2000-11-06,GERENCIA DE SERVICIOS A USUARIOS
03SIN407609/10ATGC08,AGRÍCOLA,UNIÓN DE USUARIOS PRODUCTORES AGRÍCOLAS UNIDAD DE RIEGO NO. 2 DE LA ZONA FUERTE MAYO A.C.,38000000.00,1,38000000.00,0,0.00,2001-12-06,GERENCIA DE SERVICIOS A USUARIOS
03SIN407506/10ATOC09,AGRÍCOLA,"A.U.P.A. SANTA ROSA MODULO III-1, A.C.",393901000.00,1,379436000.00,74,14465000.00,2001-05-14,DIRECCIÓN GENERAL DEL ORGANISMO DE CUENCA PACÍFICO NORTE
03SIN407507/10ATOC09,AGRÍCOLA,"A. U. P. A. TAXTES, MODULO III-2, A.C.",288302000.00,1,277715000.00,74,10587000.00,2001-05-14,DIRECCIÓN GENERAL DEL ORGANISMO DE CUENCA PACÍFICO NORTE
03SIN406302/10ATGC00,AGRÍCOLA,"ASOCIACIÓN DE USUARIOS PRODUCTORES AGRÍCOLAS LAS MILPAS, MÓDULO 1-2,  A.C.",233168000.00,1,220829000.00,44,12339000.00,2000-04-24,GERENCIA DE SERVICIOS A USUARIOS
03SIN406303/10ATGC00,AGRÍCOLA,"ASOCIACIÓN DE USUARIOS PRODUCTORES AGRÍCOLAS PETATLÁN, MÓDULO II-1, A.C.",229861000.00,1,217697000.00,44,12164000.00,2000-04-14,GERENCIA DE SERVICIOS A USUARIOS
03SIN406304/10ATGC00,AGRÍCOLA,"ASOCIACIÓN DE USUARIOS PRODUCTORES AGRÍCOLAS TETAMECHE II-2, A.C.",215398000.00,1,204000000.00,44,11398000.00,2000-04-14,GERENCIA DE SERVICIOS A USUARIOS
03SIN406305/10ATGC00,AGRÍCOLA,"ASOCIACIÓN DE USUARIOS PRODUCTORES AGRÍCOLAS ""EL SABINAL""  MÓDULO  III-1, A.C.",125732000.00,1,125732000.00,0,0.00,2000-05-18,GERENCIA DE SERVICIOS A USUARIOS
03SIN407601/10ATGC01,AGRÍCOLA,"ASOCIACIÓN DE USUARIOS PRODUCTORES AGRÍCOLAS DE MÓDULO DE RIEGO NO. 1 DEL DISTRITO 076 VALLE DEL CARRIZO SINALOA, A.C.",98395000.00,1,98395000.00,0,0.00,2001-05-14,GERENCIA DE SERVICIOS A USUARIOS
03SIN407602/10ATGC01,AGRÍCOLA,"ASOCIACIÓN DE USUARIOS PRODUCTORES AGRÍCOLAS DEL MÓDULO DE RIEGO NO. 2  DEL DISTRITO DE RIEGO 076, VALLE DEL CARRIZO, SINALOA, A.C.",78492000.00,1,78492000.00,0,0.00,2001-05-14,GERENCIA DE SERVICIOS A USUARIOS
03SIN407604/10ATGC01,AGRÍCOLA,"ASOCIACIÓN DE USUARIOS PRODUCTORES AGRÍCOLAS DEL MÓDULO DE RIEGO NO. 4 DEL DISTRITO DE RIEGO 076, VALLE DEL CARRIZO, SINALOA, A.C.",108931000.00,1,108931000.00,0,0.00,2001-05-14,GERENCIA DE SERVICIOS A USUARIOS
03SIN407603/10ATGC01,AGRÍCOLA,"ASOCIACIÓN DE USUARIOS PRODUCTORES AGRÍCOLAS DEL MÓDULO DE RIEGO NO.  3  DEL DISTRITO DE RIEGO 076, VALLE DEL CARRIZO, SINALOA, A.C.",130868000.00,1,130868000.00,0,0.00,2001-05-14,GERENCIA DE SERVICIOS A USUARIOS
03SIN406301/10ATOC08,AGRÍCOLA,"ASOCIACIÓN DE USUARIOS PRODUCTORES AGRÍCOLAS BAMOA, MÓDULO I-1, A.C.",301222000.00,1,285282000.00,44,15940000.00,2000-04-14,DIRECCIÓN GENERAL DEL ORGANISMO DE CUENCA PACÍFICO NORTE
03SIN401001/10ATGC00,AGRÍCOLA,"A.U.P.A. LA PALMA, MODULO I-1, A. C.",88360000.00,1,81700000.00,110,6660000.00,2000-11-06,GERENCIA DE SERVICIOS A USUARIOS
03SIN401011/10ATGC00,AGRÍCOLA,"AUPA DE LA ZONA SUR DEL VALLE DE ANGOSTURA MODULO V-1, DEL DISTRITO DE RIEGO N° 010 CULIACAN-HUMAYA-SAN LORENZO, A. C.",231021000.00,1,213600000.00,110,17421000.00,2000-11-06,GERENCIA DE SERVICIOS A USUARIOS
03SIN407401/10ATGC00,AGRÍCOLA,"ASOCIACION DE USUARIOS PRODUCTORES AGRICOLAS DEL VALLE DEL EVORA  MÓDULO 74-I,  A.C.",249625000.00,1,230800000.00,110,18825000.00,2000-11-06,GERENCIA DE SERVICIOS A USUARIOS
03SIN407512/10ATGC01,AGRÍCOLA,ASOCIACIÓN DE USUARIOS PRODUCTORES AGRÍCOLAS MÓDULO VII-1 JUNCOS A.C.,147300000.00,1,141891000.00,74,5409000.00,2001-05-14,GERENCIA DE SERVICIOS A USUARIOS
03SIN407513/10ATOC09,AGRÍCOLA,"ASOCIACION DE USUARIOS PRODUCTORES AGRICOLAS MODULO VII-2 NOHME, A.C.",94377000.00,1,90911000.00,74,3466000.00,2001-05-14,DIRECCIÓN GENERAL DEL ORGANISMO DE CUENCA PACÍFICO NORTE
03SIN410802/10ATGC00,AGRÍCOLA,"ASOCIACIÓN DE USUARIOS PRODUCTORES AGRÍCOLAS DEL MÓDULO DE RIEGO NO. 2 DEL DISTRITO DE RIEGO 108, ELOTA - PIAXTLA, A.C.",206907000.00,1,206907000.00,0,0.00,2000-07-03,GERENCIA DE SERVICIOS A USUARIOS
02SON405101/09ATOC12,AGRÍCOLA,"ASOCIACION DE USUARIOS DEL DISTRITO DE RIEGO N° 051 COSTA DE HERMOSILLO, A.C.",320773130.00,0,0.00,450,320773130.00,2013-02-14,DIRECCIÓN GENERAL DEL ORGANISMO DE CUENCA NOROESTE
02SON403801/09ATGC00,AGRÍCOLA,"UNION DE USUARIOS PRODUCTORES AGRÍCOLAS DE  UNIDAD DE RIEGO PARA EL DESARROLLO RURAL DE LA SECCIÓN NO. 1 DEL DISTRITO DE RIEGO NO. 38, A.C.",59792000.00,1,56452000.00,34,3340000.00,2000-04-24,GERENCIA DE SERVICIOS A USUARIOS
02SON403802/09ATGC00,AGRÍCOLA,"UNIÓN DE USUARIOS PRODUCTORES AGRÍCOLAS DE  UNIDAD DE RIEGO PARA EL DESARROLLO RURAL DE LA SECCIÓN NÚMERO DOS DEL DISTRITO DE RIEGO NÚMERO 38, A.C.",65795000.00,1,62120000.00,34,3675000.00,2000-04-24,GERENCIA DE SERVICIOS A USUARIOS
02SON403803/09ATGC00,AGRÍCOLA,"UNIÓN DE USUARIOS PRODUCTORES AGRÍCOLAS DE UNIDAD DE RIEGO PARA EL DESARROLLO RURAL DE LA SECCIÓN TRES DEL DISTRITO DE RIEGO NÚMERO 38, A.C.",39565000.00,1,37355000.00,34,2210000.00,2000-04-24,GERENCIA DE SERVICIOS A USUARIOS
02SON403804/09ATGC00,AGRÍCOLA,"UNIÓN DE USUARIOS PRODUCTORES AGRÍCOLAS DE UNIDAD DE RIEGO PARA EL DESARROLLO RURAL DE LA SECCIÓN NO. 4 DEL DISTRITO DE RIEGO NO. 38, A.C.",43737000.00,1,41294000.00,34,2443000.00,2000-04-24,GERENCIA DE SERVICIOS A USUARIOS
02SON403805/09ATGC00,AGRÍCOLA,"UNION DE USUARIOS PRODUCTORES AGRÍCOLAS DE  UNIDAD DE RIEGO PARA EL DESARROLLO RURAL DE LA SECCIÓN NO.  5  DEL DISTRITO DE RIEGO NO. 38,  A.C.",39167000.00,1,36979000.00,34,2188000.00,2000-04-24,GERENCIA DE SERVICIOS A USUARIOS
02SON403806/09ATGC00,AGRÍCOLA,"UNIÓN DE USUARIOS PRODUCTORES AGRÍCOLAS DE UNIDAD DE RIEGO PARA EL DESARROLLO RURAL DE LA SECCIÓN NÚMERO SEIS DEL DISTRITO DE RIEGO NÚMERO 38,  RÍO MAYO,  A.C.",59019000.00,1,55722000.00,34,3297000.00,2000-04-24,GERENCIA DE SERVICIOS A USUARIOS
02SON403807/09ATGC00,AGRÍCOLA,"UNION DE USUARIOS PRODUCTORES AGRÍCOLAS DE UNIDAD DE RIEGO PARA EL DESARROLLO RURAL DE LA SECCIÓN NÚMERO SIETE DEL DISTRITO DE RIEGO NUMERO 38, RÍO MAYO, A.C.",59448000.00,1,56127000.00,34,3321000.00,2000-04-24,GERENCIA DE SERVICIOS A USUARIOS
02SON403808/09ATGC00,AGRÍCOLA,"UNIÓN DE USUARIOS PRODUCTORES AGRÍCOLAS DE UNIDAD DE RIEGO PARA EL DESARROLLO RURAL DE LA SECCIÓN NÚMERO OCHO DEL DISTRITO DE RIEGO NÚMERO 38,  A.C.",28127000.00,1,26556000.00,34,1571000.00,2000-04-24,GERENCIA DE SERVICIOS A USUARIOS
02SON403809/09ATGC00,AGRÍCOLA,"UNION DE USUARIOS PRODUCTORES AGRÍCOLAS DE LA UNIDAD DE RIEGO PARA EL DESARROLLO RURAL DE LA SECCIÓN NÚMERO NUEVE DEL DISTRITO DE RIEGO NUMERO 38, RÍO MAYO, A.C.",45652000.00,1,43102000.00,34,2550000.00,2000-04-24,GERENCIA DE SERVICIOS A USUARIOS
02SON403810/09ATGC00,AGRÍCOLA,"UNION DE USUARIOS PRODUCTORES AGRÍCOLAS DE  UNIDAD DE RIEGO PARA EL DESARROLLO RURAL DE LA SECCIÓN NÚMERO DIEZ DEL DISTRITO DE RIEGO NUMERO TREINTA Y OCHO, RÍO MAYO, A.C.",38462000.00,1,36314000.00,34,2148000.00,2000-04-24,GERENCIA DE SERVICIOS A USUARIOS
02SON403811/09ATGC00,AGRÍCOLA,"UNION DE USUARIOS PRODUCTORES AGRÍCOLAS DE LA UNIDAD DE RIEGO PARA EL DESARROLLO RURAL DE LA SECCIÓN NÚMERO ONCE DEL DISTRITO DE RIEGO NUMERO TREINTA Y OCHO, RIO MAYO, A.C.",38510000.00,1,36359000.00,34,2151000.00,2000-04-24,GERENCIA DE SERVICIOS A USUARIOS
02SON403812/09ATGC00,AGRÍCOLA,"UNION DE USUARIOS PRODUCTORES AGRÍCOLAS DE UNIDAD DE RIEGO PARA EL DESARROLLO RURAL DE LA SECCIÓN NÚMERO DOCE DEL DISTRITO DE RIEGO NUMERO 38  RÍO MAYO, A.C.",52441000.00,1,49512000.00,34,2929000.00,2000-04-24,GERENCIA DE SERVICIOS A USUARIOS
02SON403813/09ATGC00,AGRÍCOLA,"UNION DE USUARIOS PRODUCTORES AGRÍCOLAS DE LA UNIDAD DE RIEGO PARA EL DESARROLLO RURAL DE LA SECCIÓN NÚMERO TRECE  DEL DISTRITO DE RIEGO NUMERO 38, RIO MAYO, A.C.",48794000.00,1,46068000.00,34,2726000.00,2000-04-24,GERENCIA DE SERVICIOS A USUARIOS
02SON403814/09ATGC00,AGRÍCOLA,"UNION DE USUARIOS PRODUCTORES AGRÍCOLAS DE LA UNIDAD DE RIEGO PARA EL DESARROLLO RURAL DE LA SECCIÓN NÚMERO CATORCE  DEL DISTRITO DE RIEGO NUMERO 38, RIO MAYO, A.C.",36909000.00,1,34847000.00,34,2062000.00,2000-04-24,GERENCIA DE SERVICIOS A USUARIOS
02SON403815/09ATGC00,AGRÍCOLA,"UNION DE USUARIOS PRODUCTORES AGRÍCOLAS DE LA UNIDAD DE RIEGO PARA EL DESARROLLO RURAL DE LA SECCIÓN NÚMERO QUINCE DEL DISTRITO DE RIEGO NUMERO 38, RIO MAYO, A.C.",44986000.00,1,42473000.00,34,2513000.00,2000-04-24,GERENCIA DE SERVICIOS A USUARIOS
02SON403816/09ATGC00,AGRÍCOLA,"UNION DE USUARIOS PRODUCTORES AGRÏCOLAS DE UNIDAD DE RIEGO PARA EL DESARROLLO RURAL DE LA SECCIÓN NÚMERO DIECISEIS  DEL DISTRITO DE RIEGO NUMERO 38, A.C.",30002000.00,1,28326000.00,34,1676000.00,2000-04-24,GERENCIA DE SERVICIOS A USUARIOS
02SON404104/09ATGC00,AGRÍCOLA,"ASOCIACIÓN DE USUARIOS PRODUCTORES AGRÍCOLAS DE LA SECCIÓN DE RIEGO 4-P-10, DEL CANAL PRINCIPAL BAJO, DEL DISTRITO DE RIEGO NO. 041, RÍO YAQUI, A.C.",19112000.00,1,16533000.00,120,2579000.00,2000-04-24,GERENCIA DE SERVICIOS A USUARIOS
02SON404105/09ATGC00,AGRÍCOLA,"ASOCIACIÓN DE USUARIOS PRODUCTORES AGRÍCOLAS DE LA SECCIÓN DE RIEGO 4-P-12, DEL CANAL PRINCIPAL BAJO, DEL DISTRITO DE RIEGO NO. 041, RÍO YAQUI, A.C.",48958004.00,1,42935000.00,120,6023004.00,2000-04-24,GERENCIA DE SERVICIOS A USUARIOS
02SON404106/09ATGC00,AGRÍCOLA,"ASOCIACIÓN DE USUARIOS PRODUCTORES AGRÍCOLAS DE LA SECCIÓN DE RIEGO 4-P-4, DEL CANAL PRINCIPAL BAJO, DEL DISTRITO DE RIEGO NÚMERO 041, RÍO YAQUI, A.C.",59199000.00,1,52320000.00,120,6879000.00,2000-04-24,GERENCIA DE SERVICIOS A USUARIOS
02SON404107/09ATGC00,AGRÍCOLA,"ASOCIACIÓN DE USUARIOS PRODUCTORES AGRÍCOLAS DE LA SECCIÓN DE RIEGO  4-P-6, DEL CANAL PRINCIPAL BAJO, DEL DISTRITO DE RIEGO NO. 041, RÍO YAQUI, A.C.",46889006.00,1,40833000.00,120,6056006.00,2000-04-24,GERENCIA DE SERVICIOS A USUARIOS
02SON404108/09ATGC00,AGRÍCOLA,"ASOCIACIÓN DE USUARIOS PRODUCTORES AGRÍCOLAS DE LA SECCIÓN DE RIEGO 4-P-8, DEL CANAL PRINCIPAL BAJO, DEL DISTRITO DE RIEGO NO. 041, RÍO YAQUI, A.C.",72689006.00,1,62972000.00,120,9717006.00,2000-04-24,GERENCIA DE SERVICIOS A USUARIOS
02SON404109/09ATGC00,AGRÍCOLA,"ASOCIACIÓN DE USUARIOS PRODUCTORES AGRÍCOLAS DE LA SECCIÓN DE RIEGO P-10 SUR, DEL CANAL PRINCIPAL BAJO, DEL DISTRITO DE RIEGO NÚMERO 041, RÍO YAQUI, A.C.",11989997.00,1,10372000.00,120,1617997.00,2000-04-24,GERENCIA DE SERVICIOS A USUARIOS
02SON404110/09ATGC00,AGRÍCOLA,"ASOCIACIÓN DE USUARIOS PRODUCTORES AGRÍCOLAS DE LA SECCIÓN DE RIEGO BACAME, DEL CANAL PRINCIPAL ALTO, DEL DISTRITO DE RIEGO NO. 041, RÍO YAQUI, A.C.",34005994.00,1,29417000.00,120,4588994.00,2000-04-24,GERENCIA DE SERVICIOS A USUARIOS
02SON404111/09ATGC00,AGRÍCOLA,"ASOCIACIÓN DE USUARIOS PRODUCTORES AGRÍCOLAS DE LA SECCIÓN DE RIEGO COCORAQUE MARGEN DERECHA, DEL CANAL PRINCIPAL ALTO, DEL DISTRITO DE RIEGO NÚMERO 041, RÍO YAQUI, A.C.",42884006.00,1,37097000.00,120,5787006.00,2000-04-24,GERENCIA DE SERVICIOS A USUARIOS
02SON404112/09ATGC00,AGRÍCOLA,"ASOCIACIÓN DE USUARIOS PRODUCTORES AGRÍCOLAS DE LA SECCIÓN DE RIEGO CATORCE, DEL CANAL PRINCIPAL BAJO, DEL DISTRITO DE RIEGO NÚMERO 041, RÍO YAQUI, A.C.",74983006.00,1,65470000.00,120,9513006.00,2000-04-24,GERENCIA DE SERVICIOS A USUARIOS
02SON404113/09ATGC00,AGRÍCOLA,"ASOCIACIÓN DE USUARIOS PRODUCTORES AGRÍCOLAS DE LA SECCIÓN DE RIEGO CUATRO, DEL CANAL PRINCIPAL BAJO, DEL DISTRITO DE RIEGO NÚMERO 041, RÍO YAQUI, A.C.",92451998.00,1,79975000.00,120,12476998.00,2000-04-24,GERENCIA DE SERVICIOS A USUARIOS
02SON404114/09ATGC00,AGRÍCOLA,"ASOCIACIÓN DE USUARIOS PRODUCTORES AGRÍCOLAS DE LA SECCIÓN DE RIEGO DIECINUEVE, DEL CANAL PRINCIPAL BAJO, DEL DISTRITO DE RIEGO NÚMERO 041, RÍO YAQUI, A.C.",35706000.00,1,30887000.00,120,4819000.00,2000-04-24,GERENCIA DE SERVICIOS A USUARIOS
02SON404115/09ATGC00,AGRÍCOLA,"ASOCIACIÓN DE USUARIOS PRODUCTORES AGRÍCOLAS DE LA SECCIÓN DE RIEGO DIECIOCHO, DEL CANAL PRINCIPAL BAJO, DEL DISTRITO DE RIEGO NUMERO 41, RÍO YAQUI, A.C.",20940000.00,1,18114000.00,120,2826000.00,2000-04-24,GERENCIA DE SERVICIOS A USUARIOS
02SON404116/09ATGC00,AGRÍCOLA,"ASOCIACIÓN DE USUARIOS PRODUCTORES AGRÍCOLAS DE LA SECCIÓN DE RIEGO DIECISÉIS, DEL CANAL PRINCIPAL BAJO, DEL DISTRITO DE RIEGO NÚMERO 41, RÍO YAQUI, A.C.",80363000.00,1,69518000.00,120,10845000.00,2000-04-24,GERENCIA DE SERVICIOS A USUARIOS
02SON404117/09ATGC00,AGRÍCOLA,"ASOCIACIÓN DE USUARIOS PRODUCTORES AGRÍCOLAS DE LA SECCIÓN DE RIEGO DIEZ, DEL CANAL PRINCIPAL BAJO, DEL DISTRITO DE RIEGO NUMERO 041, RÍO YAQUI, A.C.",83414000.00,1,72157000.00,120,11257000.00,2000-04-24,GERENCIA DE SERVICIOS A USUARIOS
02SON404118/09ATGC00,AGRÍCOLA,"ASOCIACIÓN DE USUARIOS PRODUCTORES AGRÍCOLAS DE LA SECCIÓN DE RIEGO DOCE, DEL CANAL PRINCIPAL BAJO, DEL DISTRITO DE RIEGO NO. 041, RÍO YAQUI, A.C.",71077000.00,1,61485000.00,120,9592000.00,2000-04-24,GERENCIA DE SERVICIOS A USUARIOS
02SON404119/09ATGC00,AGRÍCOLA,"ASOCIACIÓN DE USUARIOS PRODUCTORES AGRÍCOLAS DE LA SECCIÓN DE RIEGO DOS, DEL CANAL PRINCIPAL BAJO, DEL DISTRITO DE RIEGO NÚMERO 041, RÍO YAQUI, A.C.",76173000.00,1,65893000.00,120,10280000.00,2000-04-24,GERENCIA DE SERVICIOS A USUARIOS
02SON404120/09ATGC00,AGRÍCOLA,"ASOCIACIÓN DE USUARIOS PRODUCTORES AGRÍCOLAS DE LA SECCIÓN DE RIEGO DOS-B, DEL CANAL PRINCIPAL BAJO, DEL DISTRITO DE RIEGO NÚMERO 041, RÍO YAQUI, A.C.",44102000.00,1,38150000.00,120,5952000.00,2000-04-24,GERENCIA DE SERVICIOS A USUARIOS
02SON404121/09ATGC00,AGRÍCOLA,"ASOCIACIÓN DE USUARIOS PRODUCTORES AGRÍCOLAS DE LA SECCIÓN DE RIEGO K-105 , DEL CANAL PRINCIPAL ALTO, DEL DISTRITO DE RIEGO NO. 041, RÍO YAQUI, A.C.",34726000.00,1,30040000.00,120,4686000.00,2000-04-24,GERENCIA DE SERVICIOS A USUARIOS
02SON404122/09ATGC00,AGRÍCOLA,"ASOCIACIÓN DE USUARIOS PRODUCTORES AGRÍCOLAS DE LA SECCIÓN DE RIEGO K-63, DEL CANAL PRINCIPAL ALTO, DEL DISTRITO DE RIEGO NÚMERO 041, RÍO YAQUI, A.C.",9376000.00,1,8111000.00,120,1265000.00,2000-04-24,GERENCIA DE SERVICIOS A USUARIOS
02SON404123/09ATGC00,AGRÍCOLA,"ASOCIACIÓN DE USUARIOS PRODUCTORES AGRÍCOLAS DE LA SECCIÓN DE RIEGO K-64, DEL CANAL PRINCIPAL ALTO, DEL DISTRITO DE RIEGO NO. 041, RÍO YAQUI, A.C.",26374000.00,1,22815000.00,120,3559000.00,2000-04-24,GERENCIA DE SERVICIOS A USUARIOS
02SON404124/09ATGC00,AGRÍCOLA,"ASOCIACIÓN DE USUARIOS PRODUCTORES AGRÍCOLAS DE LA SECCIÓN DE RIEGO K-66, DEL CANAL PRINCIPAL ALTO, DEL DISTRITO DE RIEGO NÚMERO 041, RÍO YAQUI, A.C.",34487000.00,1,29833000.00,120,4654000.00,2000-04-24,GERENCIA DE SERVICIOS A USUARIOS
02SON404125/09ATGC00,AGRÍCOLA,"ASOCIACIÓN DE USUARIOS PRODUCTORES AGRÍCOLAS  DE LA SECCIÓN DE RIEGO K-68, DEL CANAL PRINCIPAL ALTO, DEL DISTRITO DE RIEGO NÚMERO 041, RÍO YAQUI, A.C.",41976000.00,1,36311000.00,120,5665000.00,2000-04-24,GERENCIA DE SERVICIOS A USUARIOS
02SON404126/09ATGC00,AGRÍCOLA,"ASOCIACIÓN DE USUARIOS PRODUCTORES AGRÍCOLAS DE LA SECCIÓN DE RIEGO K-70 DEL CANAL PRINCIPAL ALTO, DEL DISTRITO DE RIEGO NÚMERO 041, RÍO YAQUI, A.C.",18886000.00,1,16337000.00,120,2549000.00,2000-04-24,GERENCIA DE SERVICIOS A USUARIOS
02SON404127/09ATGC00,AGRÍCOLA,"ASOCIACIÓN DE USUARIOS PRODUCTORES AGRÍCOLAS DE LA SECCIÓN DE RIEGO K-73+500, DEL CANAL PRINCIPAL BAJO, DEL DISTRITO DE RIEGO NÚMERO 041, RÍO YAQUI, A.C.",6733000.00,1,5824000.00,120,909000.00,2000-04-24,GERENCIA DE SERVICIOS A USUARIOS
02SON404128/09ATGC00,AGRÍCOLA,"ASOCIACIÓN DE USUARIOS PRODUCTORES AGRÍCOLAS DE LA SECCIÓN DE RIEGO K-73.8, DEL CANAL PRINCIPAL ALTO, DEL DISTRITO DE RIEGO NÚMERO 041, RÍO YAQUI, A.C.",41711000.00,1,36082000.00,120,5629000.00,2000-04-24,GERENCIA DE SERVICIOS A USUARIOS
02SON404129/09ATGC00,AGRÍCOLA,"ASOCIACIÓN DE USUARIOS PRODUCTORES AGRÍCOLAS DE LA SECCIÓN DE RIEGO K-79, DEL CANAL PRINCIPAL ALTO, DEL DISTRITO DE RIEGO NÚMERO 041, RÍO YAQUI, A.C.",74979000.00,1,64860000.00,120,10119000.00,2000-04-24,GERENCIA DE SERVICIOS A USUARIOS
02SON404130/09ATGC00,AGRÍCOLA,"ASOCIACIÓN DE USUARIOS PRODUCTORES AGRÍCOLAS DE LA SECCIÓN DE RIEGO K-88.5, DEL CANAL PRINCIPAL BAJO, DEL DISTRITO DE RIEGO NO. 041, RÍO YAQUI, A.C.",55845000.00,1,48309000.00,120,7536000.00,2000-04-24,GERENCIA DE SERVICIOS A USUARIOS
02SON404131/09ATGC00,AGRÍCOLA,"ASOCIACIÓN DE USUARIOS PRODUCTORES AGRÍCOLAS DE LA SECCIÓN DE RIEGO K-91 NTE.  DEL CANAL PRINCIPAL ALTO, DEL DISTRITO DE RIEGO NO. 041, RÍO YAQUI, A.C.",43628000.00,1,37740000.00,120,5888000.00,2000-04-24,GERENCIA DE SERVICIOS A USUARIOS
02SON404132/09ATGC00,AGRÍCOLA,"ASOCIACIÓN DE USUARIOS PRODUCTORES AGRÍCOLAS DE LA SECCIÓN DE RIEGO K-91 SUR DEL CANAL PRINCIPAL ALTO, DEL DISTRITO DE RIEGO NO. 041, RÍO YAQUI, A.C.",74625000.00,1,64554000.00,120,10071000.00,2000-04-24,GERENCIA DE SERVICIOS A USUARIOS
02SON404133/09ATGC00,AGRÍCOLA,"ASOCIACIÓN DE USUARIOS PRODUCTORES AGRÍCOLAS DE LA SECCIÓN DE RIEGO K-95  DEL CANAL PRINCIPAL ALTO, DEL DISTRITO DE RIEGO NO. 041, RÍO YAQUI, A.C.",25366000.00,1,21943000.00,120,3423000.00,2000-04-24,GERENCIA DE SERVICIOS A USUARIOS
02SON404135/09ATGC00,AGRÍCOLA,"ASOCIACIÓN DE USUARIOS PRODUCTORES AGRÍCOLAS DE LA SECCIÓN DE RIEGO NAINARI DEL CANAL PRINCIPAL BAJO, DEL DISTRITO DE RIEGO NÚMERO 041, RÍO YAQUI, A.C.",13322000.00,1,11524000.00,120,1798000.00,2000-04-24,GERENCIA DE SERVICIOS A USUARIOS
02SON404137/09ATGC00,AGRÍCOLA,"ASOCIACIÓN DE USUARIOS PRODUCTORES AGRÍCOLAS DE LA SECCIÓN DE RIEGO ""OCHO"", DEL CANAL PRINCIPAL BAJO, DEL DISTRITO DE RIEGO NÚMERO 041, RÍO YAQUI, A.C.",75009000.00,1,64886000.00,120,10123000.00,2000-04-24,GERENCIA DE SERVICIOS A USUARIOS
02SON404138/09ATGC00,AGRÍCOLA,"ASOCIACIÓN DE USUARIOS PRODUCTORES AGRÍCOLAS DE LA SECCIÓN DE RIEGO AMPLIACIÓN SANTINI NO. 1 DEL CANAL PRINCIPAL ALTO, DEL DISTRITO DE RIEGO NO. 041, RÍO YAQUI, A.C.",45179000.00,1,39082000.00,120,6097000.00,2000-04-24,GERENCIA DE SERVICIOS A USUARIOS
02SON404139/09ATGC00,AGRÍCOLA,"ASOCIACIÓN DE USUARIOS PRODUCTORES AGRÍCOLAS DE LA SECCIÓN DE RIEGO AMPLIACIÓN SANTINI NO. DOS,  CANAL PRINCIPAL ALTO, DEL DISTRITO DE RIEGO NO. 041, RÍO YAQUI, A.C.",25355000.00,1,21933000.00,120,3422000.00,2000-04-24,GERENCIA DE SERVICIOS A USUARIOS
02SON404140/09ATGC00,AGRÍCOLA,"ASOCIACIÓN DE USUARIOS PRODUCTORES AGRÍCOLAS DE LA SECCIÓN DE RIEGO ""SEIS"", DEL CANAL PRINCIPAL BAJO, DEL DISTRITO DE RIEGO NÚMERO 041, RÍO YAQUI, A.C.",82748000.00,1,71581000.00,120,11167000.00,2000-04-24,GERENCIA DE SERVICIOS A USUARIOS
02SON404141/09ATGC00,AGRÍCOLA,"ASOCIACIÓN DE USUARIOS PRODUCTORES AGRÍCOLAS DE LA SECCIÓN DE RIEGO VEINTE DEL CANAL PRINCIPAL  BAJO, DEL DISTRITO DE RIEGO NO. 041, RÍO YAQUI, A.C.",45058000.00,1,38977000.00,120,6081000.00,2000-04-24,GERENCIA DE SERVICIOS A USUARIOS
02SON404142/09ATGC00,AGRÍCOLA,"ASOCIACIÓN DE USUARIOS PRODUCTORES AGRÍCOLAS DE LA SECCIÓN DE RIEGO VEINTIDOS, DEL CANAL PRINCIPAL BAJO, DEL DISTRITO DE RIEGO NÚMERO 41, RÍO YAQUI, A.C.",41072000.00,1,35529000.00,120,5543000.00,2000-04-24,GERENCIA DE SERVICIOS A USUARIOS
02SON403702/08ATGC00,AGRÍCOLA,"ASOCIACIÓN DE USUARIOS DEL MÓDULO DE RIEGO PRESA CUAUHTEMOC DEL DISTRITO DE RIEGO NO. 037 ALTAR-PITIQUITO-CABORCA, A.C.",16386000.00,1,16386000.00,0,0.00,2000-10-23,GERENCIA DE SERVICIOS A USUARIOS
06TAM402613/24ATGC00,AGRÍCOLA,"ASOCIACIÓN DE USUARIOS DE LA QUINTA UNIDAD SISTEMA DE BOMBEO MIER FALCÓN, A.C.",7422000.00,1,7422000.00,0,0.00,2001-01-12,GERENCIA DE SERVICIOS A USUARIOS
09TAM408601/25ATGC03,AGRÍCOLA,"USUARIOS DEL CANAL PRINCIPAL MARGEN DERECHA, MÓDULO NO. I DEL DISTRITO DE RIEGO 086 SOTO LA MARINA",37776000.00,1,37776000.00,0,0.00,2000-04-05,GERENCIA DE SERVICIOS A USUARIOS
09TAM400201/26ATOC11,AGRÍCOLA,"USUARIOS EL NACIMIENTO DEL DISTRITO DE RIEGO 002 MANTE, TAMAULIPAS, A.C.",165768000.00,1,165768000.00,0,0.00,2000-03-06,DIRECCIÓN GENERAL DEL ORGANISMO DE CUENCA GOLFO NORTE
09TAM409207/26ATGC00,AGRÍCOLA,ASOCIACION DE USUARIOS PLAN DE AYALA A.C.,9080000.00,1,9080000.00,0,0.00,2000-04-14,0
06TAM402501/24ATGC00,AGRÍCOLA,ASOCIACIÓN DE USUARIOS DEL BAJO BRAVO A.C.,206210000.00,2,206210000.00,0,0.00,2000-06-21,GERENCIA DE SERVICIOS A USUARIOS
06TAM402503/24ATGC00,AGRÍCOLA,"ASOCIACIÓN DE USUARIOS ""18 DE MARZO"" DE LA SEGUNDA UNIDAD, VALLE HERMOSO, A.C.",128183000.00,1,128183000.00,0,0.00,2000-06-21,GERENCIA DE SERVICIOS A USUARIOS
06TAM402504/24ATGC00,AGRÍCOLA,"ASOCIACIÓN DE USUARIOS ""LA SAUTEÑA"", A.C.",22960000.00,2,22960000.00,0,0.00,2000-06-21,GERENCIA DE SERVICIOS A USUARIOS
06TAM402506/24ATGC00,AGRÍCOLA,"ASOCIACIÓN DE USUARIOS LATERAL EJIDO, A.C.",97189000.00,1,97189000.00,0,0.00,2000-06-21,GERENCIA DE SERVICIOS A USUARIOS
06TAM402508/24ATGC00,AGRÍCOLA,ASOCIACIÓN DE USUARIOS ING. ABELARDO AMAYA BRONDO DE LA CUARTA UNIDAD ANZALDUAS SUR. A.C.,85502000.00,1,85502000.00,0,0.00,2000-06-21,GERENCIA DE SERVICIOS A USUARIOS
06TAM402509/24ATGC00,AGRÍCOLA,"ASOCIACIÓN DE USUARIOS AGRICULTORES UNIDOS DE VALLE HERMOSO DE LA CUARTA UNIDAD ANZALDUAS SUR, A.C.",61434000.00,1,61434000.00,0,0.00,2000-06-21,GERENCIA DE SERVICIOS A USUARIOS
06TAM402601/24ATGC00,AGRÍCOLA,"ASOCIACIÓN DE USUARIOS DE LA PRIMERA UNIDAD MIGUEL ALEMÁN, A.C.",36634000.00,1,36634000.00,0,0.00,2001-01-12,GERENCIA DE SERVICIOS A USUARIOS
06TAM402602/24ATGC00,AGRÍCOLA,"ASOCIACIÓN DE USUARIOS DE LA SEGUNDA UNIDAD CAMARGO, TAMAULIPAS, A.C.",34446000.00,1,34446000.00,0,0.00,2001-01-12,GERENCIA DE SERVICIOS A USUARIOS
06TAM402603/24ATGC00,AGRÍCOLA,"ASOCIACIÓN DE USUARIOS DE LA SEGUNDA UNIDAD GRIMA, A.C.",54075000.00,1,54075000.00,0,0.00,2001-01-12,GERENCIA DE SERVICIOS A USUARIOS
06TAM402604/24ATGC00,AGRÍCOLA,"ASOCIACIÓN DE USUARIOS DE LA SEGUNDA UNIDAD EL BARROTE, A.C.",44015000.00,1,44015000.00,0,0.00,2001-01-12,GERENCIA DE SERVICIOS A USUARIOS
06TAM402605/24ATGC00,AGRÍCOLA,"ASOCIACIÓN DE USUARIOS DE LA SEGUNDA UNIDAD LA RETAMA, A.C.",21922000.00,1,21922000.00,0,0.00,2001-01-12,GERENCIA DE SERVICIOS A USUARIOS
06TAM402606/24ATGC00,AGRÍCOLA,"ASOCIACIÓN DE USUARIOS DE LA SEGUNDA UNIDAD EL NILO, A.C.",13321000.00,1,13321000.00,0,0.00,2001-01-12,GERENCIA DE SERVICIOS A USUARIOS
06TAM402607/24ATGC00,AGRÍCOLA,"ASOCIACIÓN DE USUARIOS LOS ÁNGELES, A.C.",47017000.00,1,47017000.00,0,0.00,2001-01-12,GERENCIA DE SERVICIOS A USUARIOS
06TAM402608/24ATGC00,AGRÍCOLA,"ASOCIACIÓN DE USUARIOS ING. MARTE R. GÓMEZ, A.C.",41311000.00,1,41311000.00,0,0.00,2001-01-12,GERENCIA DE SERVICIOS A USUARIOS
06TAM402609/24ATGC00,AGRÍCOLA,"ASOCIACIÓN DE USUARIOS DEL BAJO SAN JUAN, A.C.",37083000.00,1,37083000.00,0,0.00,2001-01-12,GERENCIA DE SERVICIOS A USUARIOS
06TAM402611/24ATGC00,AGRÍCOLA,"EL TAPÓN, A.C.",44520000.00,1,44520000.00,0,0.00,2001-01-12,GERENCIA DE SERVICIOS A USUARIOS
06TAM402612/24ATGC00,AGRÍCOLA,"ASOCIACIÓN DE USUARIOS DE LA CUARTA UNIDAD DEL BRAVO, A.C.",33820000.00,1,33820000.00,0,0.00,2001-01-12,GERENCIA DE SERVICIOS A USUARIOS
06TAM402610/24ATGC00,AGRÍCOLA,"ASOCIACIÓN DE USUARIOS GUILLERMO RHODE, A.C.",48497000.00,1,48497000.00,0,0.00,2001-01-12,GERENCIA DE SERVICIOS A USUARIOS
06TAM402502/24ATGC00,AGRÍCOLA,"ASOCIACIÓN ANÁHUAC, A.C.",113961000.00,1,113961000.00,0,0.00,2000-06-21,GERENCIA DE SERVICIOS A USUARIOS
06TAM402505/24ATGC00,AGRÍCOLA,"ASOCIACIÓN DE USUARIOS SANTA ROSA, A.C.",53616000.00,1,53616000.00,0,0.00,2000-06-21,GERENCIA DE SERVICIOS A USUARIOS
06TAM402507/24ATGC00,AGRÍCOLA,"ASOCIACIÓN DE USUARIOS HIDRÁULICA LOS ÁNGELES, A.C.",91487000.00,1,91487000.00,0,0.00,2000-06-21,GERENCIA DE SERVICIOS A USUARIOS
06TAM405001/24ATGC00,AGRÍCOLA,"USUARIOS DE RIEGO ACUÑA-FALCÓN, A.C.",14149000.00,1,14149000.00,0,0.00,2000-07-31,GERENCIA DE SERVICIOS A USUARIOS
06TAM405002/24ATGC19,AGRÍCOLA,"ASOCIADOS EN AGRICULTURA GANADERA EN UNIDADES DEL AGUA, A.C.",14671000.00,1,14671000.00,0,0.00,2001-01-16,GERENCIA DE SERVICIOS A USUARIOS
04TLX405601/18ATGC00,AGRÍCOLA,"CANAL ROJANO MÓDULO I, A.C.",7320000.00,1,7320000.00,0,0.00,2000-01-21,GERENCIA DE SERVICIOS A USUARIOS
04TLX405602/18ATGC00,AGRÍCOLA,"CANAL SAN DIEGO MÓDULO II, A.C.",2370000.00,1,2370000.00,0,0.00,2000-01-21,GERENCIA DE SERVICIOS A USUARIOS
04TLX405603/18ATGC00,AGRÍCOLA,"CANAL SAN LUCAS ACOTZALA MODULO III, A.C.",4090000.00,1,4090000.00,0,0.00,2000-01-21,GERENCIA DE SERVICIOS A USUARIOS
04TLX405604/18ATGC00,AGRÍCOLA,"CANAL PANOTLA MÓDULO IV, A.C.",9470000.00,2,9470000.00,0,0.00,2000-01-21,GERENCIA DE SERVICIOS A USUARIOS
04TLX405605/18ATGC00,AGRÍCOLA,"MÓDULO V CANAL ATLANGATEPEC, A.C.",1480000.00,1,1480000.00,0,0.00,2000-01-21,GERENCIA DE SERVICIOS A USUARIOS
09VER406001/26ATGC00,AGRÍCOLA,"ASOCIACIÓN DE USUARIOS EL HIGO, VERACRUZ, A.C.",10433000.00,1,10433000.00,0,0.00,2000-01-21,GERENCIA DE SERVICIOS A USUARIOS
09VER406002/26ATGC00,AGRÍCOLA,"ASOCIACIÓN DE USUARIOS PLATÓN SÁNCHEZ, A.C.",2880000.00,1,2880000.00,0,0.00,2000-05-18,GERENCIA DE SERVICIOS A USUARIOS
10VER403502/28ATGC00,AGRÍCOLA,"ASOCIACIÓN DE USUARIOS RÍO ACTOPAN, A.C.",212780000.00,1,212780000.00,0,0.00,2000-04-05,GERENCIA DE SERVICIOS A USUARIOS
10VER408201/28ATGC00,AGRÍCOLA,"ASOCIACIÓN DE USUARIOS DEL DISTRITO DE RIEGO PIEDRAS NEGRAS, A.C.",174881000.00,1,174881000.00,0,0.00,2000-03-27,GERENCIA DE SERVICIOS A USUARIOS
09VER409203/26ATOC12,AGRÍCOLA,"ASOCIACION DE USUARIOS LOS SIETE EJIDOS, A.C.",7343000.00,1,7343000.00,0,0.00,2000-05-18,DIRECCIÓN GENERAL DEL ORGANISMO DE CUENCA GOLFO NORTE
10VER403501/28ATDA18,AGRÍCOLA,"ASOCIACIÓN DE USUARIOS COANALAG MÓDULO DE RIEGO LA ANTIGUA, A.C.",213157000.00,1,213157000.00,0,0.00,2000-04-05,DIRECCIÓN DE ADMINISTRACIÓN DEL AGUA EN EL ORGANISMO DE CUENCA GOLFO CENTRO
10VER403503/28ATDA18,AGRÍCOLA,"ASOCIACIÓN DE USUARIOS DE LA UNIDAD DE RIEGO PUENTE NACIONAL, A.C.",97072000.00,1,97072000.00,0,0.00,2000-04-05,DIRECCIÓN DE ADMINISTRACIÓN DEL AGUA EN EL ORGANISMO DE CUENCA GOLFO CENTRO
10VER408202/28ATDA18,AGRÍCOLA,"ASOCIACIÓN DE USUARIOS INGENIERO GUILLERMO HERNÁNDEZ CASTRO, A.C.",171596000.00,1,171596000.00,0,0.00,2000-03-27,DIRECCIÓN DE ADMINISTRACIÓN DEL AGUA EN EL ORGANISMO DE CUENCA GOLFO CENTRO
12YUC100314/32ATGC01,AGRÍCOLA,"MÓDULO DE RIEGO PARA EL DESARROLLO RURAL MORELOS, TICUL YUCATÁN, A.C.",3650000.00,0,0.00,6,3650000.00,2001-10-31,GERENCIA DE SERVICIOS A USUARIOS
12YUC100315/32ATGC01,AGRÍCOLA,"MÓDULO DE RIEGO PARA EL DESARROLLO RURAL EMILIANO ZAPATA, TICUL YUCATÁN, A.C.",5956000.00,0,0.00,9,5956000.00,2001-10-31,GERENCIA DE SERVICIOS A USUARIOS
12YUC100320/32ATGC01,AGRÍCOLA,"MÓDULO DE RIEGO PARA EL DESARROLLO RURAL LAS PALMAS YOTHOLIN, YUCATÁN, A.C.",2930000.00,0,0.00,5,2930000.00,2001-10-31,GERENCIA DE SERVICIOS A USUARIOS
12YUC100316/32ATGC01,AGRÍCOLA,"MÓDULO DE RIEGO PARA EL DESARROLLO RURAL ""TUMBEN LUUM DZAN YUCATÁN"", A.C.",4726800.00,0,0.00,6,4726800.00,2002-01-07,GERENCIA DE SERVICIOS A USUARIOS
12YUC100318/32ATGC01,AGRÍCOLA,"MÓDULO DE RIEGO PARA EL DESARROLLO RURAL DE TEKAX, YUCATÁN, A.C.",6631000.00,0,0.00,10,6631000.00,2001-10-31,GERENCIA DE SERVICIOS A USUARIOS
12YUC100319/32ATGC01,AGRÍCOLA,"MÓDULO DE RIEGO PARA EL DESARROLLO RURAL DE TZUCACAB, YUCATÁN, A.C.",4170000.00,0,0.00,8,4170000.00,2001-10-31,GERENCIA DE SERVICIOS A USUARIOS
12YUC100312/32ATGC18,AGRÍCOLA,"MÓDULO DE RIEGO PARA EL DESARROLLO RURAL DE MUNA, YUCATÁN, A.C.",14472944.00,0,0.00,36,14472944.00,2001-10-31,GERENCIA DE SERVICIOS A USUARIOS
12YUC100313/32ATGC18,AGRÍCOLA,"MODULO DE RIEGO PARA EL DESARROLLO RURAL DE SACALUM, YUCATAN, A.C.",9272676.00,0,0.00,17,9272676.00,2001-10-31,GERENCIA DE SERVICIOS A USUARIOS
12YUC100408/32ATGC18,AGRÍCOLA,"CITRICULTORES DEL MAYAB, A.C.",4721892.00,0,0.00,14,4721892.00,2019-01-18,GERENCIA DE SERVICIOS A USUARIOS
12YUC100317/32ATGC19,AGRÍCOLA,"MÓDULO DE RIEGO PARA EL DESARROLLO RURAL"" UH LUHMIL PAHKAL"", A.C.",19947762.00,0,0.00,52,19947762.00,2002-01-07,GERENCIA DE SERVICIOS A USUARIOS
08ZAC403405/12ATGC17,AGRÍCOLA,"ASOCIACIÓN DE USUARIOS DE LA PRESA EL CHIQUE, A.C.",28555000.00,2,28555000.00,0,0.00,1999-12-28,GERENCIA DE SERVICIOS A USUARIOS
06CHI400512/24ATGC18,AGRÍCOLA,"ASOCIACION CIVIL DE USUARIOS DEL RIO CONCHOS, CANAL SAUCILLO,  A.C.",55850000.00,1,46515000.00,123,9335000.00,2000-10-25,GERENCIA DE SERVICIOS A USUARIOS
04GRO406801/18ATDL15,AGRÍCOLA,"ASOCIACION DE USUARIOS MODULO I-1 ""PRESA VALERIO TRUJANO"", A.C.",14500000.00,1,14500000.00,0,0.00,2000-08-21,DIRECCIÓN LOCAL GUERRERO
13HGO411201/26ATDA16,AGRÍCOLA,"USUARIOS, VALLE DE AJACUBA, A.C.",36363000.00,1,36363000.00,0,0.00,2003-03-05,DIRECCIÓN DE ADMINISTRACIÓN DEL AGUA EN EL ORGANISMO DE CUENCA AGUAS DEL VALLE DE MÉXICO
09TAM402901/26ATGC00,AGRÍCOLA,"ASOCIACION DE USUARIOS DE LOS DISTRITOS DE RIEGO 029  XICOTENCATL Y 039 RIO FRIO, A.C.",190682000.00,3,190682000.00,0,0.00,2000-05-18,GERENCIA DE SERVICIOS A USUARIOS
09TAM402902/26ATDA17,AGRÍCOLA,"ASOCIACION DE USUARIOS DEL MODULO II ""SAN LORENZO"" DEL DISTRITO DE RIEGO 029 XICOTENCATL, A.C.",65168000.00,1,65168000.00,0,0.00,2000-05-18,DIRECCIÓN DE ADMINISTRACIÓN DEL AGUA EN EL ORGANISMO DE CUENCA GOLFO NORTE
09TAM408602/25ATDA13,AGRÍCOLA,"ASOCIACION CIVIL DE USUARIOS DEL MODULO II CANAL LATERAL 25+600 DEL DISTRITO DE RIEGO 086 RIO SOTO LA MARINA, A.C.",58961600.00,2,58961600.00,0,0.00,2000-04-05,DIRECCIÓN DE ADMINISTRACIÓN DEL AGUA EN EL ORGANISMO DE CUENCA GOLFO NORTE
09TAM408603/25ATGC00,AGRÍCOLA,"USUARIOS DEL MODULO III ALLENDE DEL DISTRITO DE RIEGO 086 RIO SOTO LA MARINA, A.C.",35301600.00,1,35301600.00,0,0.00,2000-04-05,GERENCIA DE SERVICIOS A USUARIOS
09TAM408604/25ATGC00,AGRÍCOLA,"ASOCIACION DE USUARIOS DEL MODULO IV GUADALUPE I  DEL DISTRITO DE RIEGO 086 RIO SOTO LA MARINA, A.C.",33416300.00,1,33416300.00,0,0.00,2000-04-05,GERENCIA DE SERVICIOS A USUARIOS
09TAM408605/25ATGC00,AGRÍCOLA,"USUARIOS DEL MODULO V  GUADALUPE II  DEL DISTRITO DE RIEGO 086 RIO SOTO LA MARINA, A.C.",23283000.00,1,23283000.00,0,0.00,2000-04-05,GERENCIA DE SERVICIOS A USUARIOS
09TAM408606/25ATOC14,AGRÍCOLA,"USUARIOS DEL MODULO VI DE SOTO LA MARINA DE DISTRITO DE RIEGO 086, RIO SOTO LA MARINA, A.C.",30744940.00,1,30744940.00,0,0.00,2000-04-05,DIRECCIÓN GENERAL DEL ORGANISMO DE CUENCA GOLFO NORTE
09TAM409201/26ATGC00,AGRÍCOLA,ASOCIACION DE USUARIOS CUMBRES DEL BERNAL A.C.,24061000.00,1,24061000.00,0,0.00,2000-04-14,GERENCIA DE SERVICIOS A USUARIOS
09TAM409202/26ATDA15,AGRÍCOLA,ASOCIACION DE USUARIOS GUAYALEJO A.C.,59602000.00,1,59602000.00,0,0.00,2000-04-14,DIRECCIÓN DE ADMINISTRACIÓN DEL AGUA EN EL ORGANISMO DE CUENCA GOLFO NORTE
09TAM409203/26ATGC00,AGRÍCOLA,"ASOCIACION DE USUARIOS RIO TAMESI, A.C.",31977000.00,1,31977000.00,0,0.00,2000-04-24,GERENCIA DE SERVICIOS A USUARIOS
09TAM409204/26ATGC00,AGRÍCOLA,"ASOCIACION DE USUARIOS LAS ANIMAS, A.C.",59784000.00,1,59784000.00,0,0.00,2000-04-14,GERENCIA DE SERVICIOS A USUARIOS
09TAM409205/26ATGC00,AGRÍCOLA,"ASOCIACION DE USUARIOS NUEVA AZTECA, A.C.",31265000.00,1,31265000.00,0,0.00,2000-04-14,GERENCIA DE SERVICIOS A USUARIOS
09TAM409206/26ATGC00,AGRÍCOLA,ASOCIACION DE USUARIOS UNIDOS PARA EL PROGRESO A.C.,38993000.00,1,38993000.00,0,0.00,2000-04-14,GERENCIA DE SERVICIOS A USUARIOS
09VER409202/26ATOC12,AGRÍCOLA,ASOCIACION DE USUARIOS OZULUAMA A.C.,17705000.00,1,17705000.00,0,0.00,2000-04-14,DIRECCIÓN GENERAL DEL ORGANISMO DE CUENCA GOLFO NORTE
09VER409204/26ATGC00,AGRÍCOLA,"ASOCIACION DE USUARIOS LA TORTUGA, A.C.",1889000.00,1,1889000.00,0,0.00,2000-04-14,GERENCIA DE SERVICIOS A USUARIOS
1SON403701/08AMDG94,AGRÍCOLA,"ASOCIACION DE USUARIOS DEL DISTRITO DE RIEGO N° 037 ALTAR-PITIQUITO-CABORCA, A.C.",300000000.00,0,0.00,830,300000000.00,1994-06-23,DIRECTOR GENERAL DE LA COMISIÓN NACIONAL DEL AGUA
08ZAC403404/12ATGC20,AGRÍCOLA,"PRESA ING. JULIÁN ADAME ALATORRE, A.C.",19640000.00,1,19640000.00,0,0.00,1999-12-28,GERENCIA DE SERVICIOS A USUARIOS
06COA100296/24ATGC19,AGRÍCOLA,"ASOCIACIÓN DE PRODUCTORES AGRÍCOLAS Y GANADEROS DE PALESTINA, A.C.",25307000.00,1,25307000.00,0,0.00,2000-10-25,GERENCIA DE SERVICIOS A USUARIOS
06COA100297/24ATGC20,AGRÍCOLA,"ASOCIACIÓN DE USUARIOS PRODUCTORES AGRÍCOLAS SAN CARLOS, A.C.",17735000.00,1,17735000.00,0,0.00,2000-10-25,GERENCIA DE SERVICIOS A USUARIOS
06COA100298/24ATGC20,AGRÍCOLA,"ASOCIACIÓN DE USUARIOS DE LA UNIDAD DE RIEGO BOMBEO BALCONES, A.C.",5396000.00,1,5396000.00,0,0.00,2000-10-25,GERENCIA DE SERVICIOS A USUARIOS
07COA401707/36ATDA12,AGRÍCOLA,"ASOCIACION DE USUARIOS DE LA SEPTIMA ZONA DE RIEGO TORREON - COYOTE, A.C.",39732000.00,1,39732000.00,0,0.00,2000-07-12,DIRECCIÓN DE ADMINISTRACIÓN DEL AGUA EN EL ORGANISMO DE CUENCA CUENCAS CENTRALES DEL NORTE
07COA401708/36ATDA12,AGRÍCOLA,"ASOCIACION DE USUARIOS DE LA OCTAVA ZONA DE AFORADOR DE RIEGO, A. C.",75245000.00,1,75245000.00,0,0.00,2000-07-12,DIRECCIÓN DE ADMINISTRACIÓN DEL AGUA EN EL ORGANISMO DE CUENCA CUENCAS CENTRALES DEL NORTE
07COA401709/36ATGC00,AGRÍCOLA,"COYOTE - BUEN ABRIGO, A.C.",55654000.00,1,55654000.00,0,0.00,2000-07-12,GERENCIA DE SERVICIOS A USUARIOS
07COA401712/36ATDA12,AGRÍCOLA,ASOCIACION DE USUARIOS DE LA DOCEAVA ZONA  DE AFORADOR DE RIEGO  A. C.,55547000.00,1,55547000.00,0,0.00,2000-07-12,DIRECCIÓN DE ADMINISTRACIÓN DEL AGUA EN EL ORGANISMO DE CUENCA CUENCAS CENTRALES DEL NORTE
07COA401713/36ATDA12,AGRÍCOLA,"ASOCIACION DE USUARIOS DEL MODULO DE RIEGO LA MARINERA, A.C.",86250000.00,1,86250000.00,0,0.00,2000-07-12,DIRECCIÓN DE ADMINISTRACIÓN DEL AGUA EN EL ORGANISMO DE CUENCA CUENCAS CENTRALES DEL NORTE
07COA401714/36ATDA12,AGRÍCOLA,"ASOCIACION DE USUARIOS DEL MODULO DE RIEGO XIV SANTA TERESA, A.C.",78098000.00,1,78098000.00,0,0.00,2000-07-12,DIRECCIÓN DE ADMINISTRACIÓN DEL AGUA EN EL ORGANISMO DE CUENCA CUENCAS CENTRALES DEL NORTE
07COA401715/36ATGC00,AGRÍCOLA,"ASOCIACIÓN DE USUARIOS DE LA ZONA DE AFORADOR NÚMERO XV LA ROSITA FLORES MAGÓN DE LA UNIDAD DE RIEGO SAN PEDRO COAH., A.C.",60983000.00,1,60983000.00,0,0.00,2000-07-12,GERENCIA DE SERVICIOS A USUARIOS
07COA401716/36ATDA12,AGRÍCOLA,"USUARIOS DE LA ZONA DE AFORADOR NO. XVI EL ANCORA DE LA UNIDAD DE RIEGO SAN PEDRO, A. C.",60400000.00,1,60400000.00,0,0.00,2000-07-12,DIRECCIÓN DE ADMINISTRACIÓN DEL AGUA EN EL ORGANISMO DE CUENCA CUENCAS CENTRALES DEL NORTE
07COA401717/36ATGC00,AGRÍCOLA,"ASOCIACIÓN DE USUARIOS DE LA ZONA DE AFORADOR XVII JOSÉ ZAMARRIPA COBOS SAN PEDRO, A.C.",69264000.00,1,69264000.00,0,0.00,2000-07-12,GERENCIA DE SERVICIOS A USUARIOS
07DGO401703/36ATDA12,AGRÍCOLA,"USUARIOS DE LA ZONA DE AFORADOR NUMERO TRES DE LA SEGUNDA UNIDAD DE RIEGO JERUSALEM - SAN JACINTO, A. C.",71225000.00,1,71225000.00,0,0.00,2000-07-12,DIRECCIÓN DE ADMINISTRACIÓN DEL AGUA EN EL ORGANISMO DE CUENCA CUENCAS CENTRALES DEL NORTE
07DGO401704/36ATDA12,AGRÍCOLA,"ASOCIACION DE USUARIOS DEL MODULO DE RIEGO NO IV EL VERGEL, A. C.",52565000.00,1,52565000.00,0,0.00,2000-07-12,DIRECCIÓN DE ADMINISTRACIÓN DEL AGUA EN EL ORGANISMO DE CUENCA CUENCAS CENTRALES DEL NORTE
07DGO401705/36ATDA12,AGRÍCOLA,"ASOCIACION DE USUARIOS DEL MODULO DE RIEGO NO. V BRITTHINGHAM, A.C.",49242000.00,1,49242000.00,0,0.00,2000-07-12,DIRECCIÓN DE ADMINISTRACIÓN DEL AGUA EN EL ORGANISMO DE CUENCA CUENCAS CENTRALES DEL NORTE
07DGO401706/36ATDA12,AGRÍCOLA,"ASOCIACION DE USUARIOS DE LA TERCERA UNIDAD DE RIEGO TLAHUALILO, A. C.",43546000.00,1,43546000.00,0,0.00,2000-07-12,DIRECCIÓN DE ADMINISTRACIÓN DEL AGUA EN EL ORGANISMO DE CUENCA CUENCAS CENTRALES DEL NORTE
07DGO401710/36ATDA12,AGRÍCOLA,"X MASITAS, A.C.",57071000.00,1,57071000.00,0,0.00,2000-07-12,DIRECCIÓN DE ADMINISTRACIÓN DEL AGUA EN EL ORGANISMO DE CUENCA CUENCAS CENTRALES DEL NORTE
07DGO401711/36ATGC00,AGRÍCOLA,"ASOCIACIÓN DE USUARIOS  DEL MÓDULO XI JIMÉNEZ,  DGO., DE LA UNIDAD DE RIEGO FCO. I. MADERO A.C.",54267000.00,1,54267000.00,0,0.00,2000-07-12,GERENCIA DE SERVICIOS A USUARIOS
07ZAC403401/36ATGC20,AGRÍCOLA,"ASOCIACIÓN DE USUARIOS PRESA LEOBARDO REYNOSO, A.C.",23900000.00,1,23900000.00,0,0.00,1999-12-28,GERENCIA DE SERVICIOS A USUARIOS
07ZAC403402/36ATGC20,AGRÍCOLA,"ASOCIACIÓN AGUAGORDA, A.C.",1500000.00,1,1500000.00,0,0.00,1999-12-28,GERENCIA DE SERVICIOS A USUARIOS
08ZAC403403/12ATGC20,AGRÍCOLA,"ASOCIACIÓN DE USUARIOS DE LA PRESA EXCAME, A.C.",39990000.00,1,39990000.00,0,0.00,1999-12-28,GERENCIA DE SERVICIOS A USUARIOS
09VER409201/26ATOC13,AGRÍCOLA,ASOCIACIÓN DE USUARIOS EMILIANO ZAPATA A.C.,22122000.00,1,22122000.00,0,0.00,2000-04-14,DIRECCIÓN GENERAL DEL ORGANISMO DE CUENCA GOLFO NORTE
08COL405307/16ATDL21,AGRÍCOLA,"USUARIOS DEL MÓDULO CERRO DE ORTEGA ASOCIADOS, A.C.",176212000.00,1,176212000.00,0,0.00,2000-10-23,DIRECCIÓN LOCAL COLIMA
06CHI400901/24ATGC01,AGRÍCOLA,"ASOCIACIÓN DE USUARIOS DEL MÓDULO DE RIEGO NÚMERO TRES, A.C.",73788318.00,2,42623000.00,80,31165318.00,2002-01-07,GERENCIA DE SERVICIOS A USUARIOS
02SON404101/09ATGC00,AGRÍCOLA,"ASOCIACIÓN DE USUARIOS PRODUCTORES AGRÍCOLAS DEL MÓDULO DE RIEGO NÚMERO 01, DEL CANAL PRINCIPAL ALTO, DEL DISTRITO DE RIEGO NO. 041 RÍO YAQUI, A.C.",78329000.00,1,67758000.00,120,10571000.00,2000-06-09,GERENCIA DE SERVICIOS A USUARIOS
02SON404102/09ATGC00,AGRÍCOLA,"ASOCIACIÓN DE USUARIOS PRODUCTORES AGRÍCOLAS DEL MÓDULO DE RIEGO NÚMERO 02, DEL CANAL PRINCIPAL ALTO, DEL DISTRITO DE RIEGO NO. 041, RÍO YAQUI, A.C.",88315000.00,1,76397000.00,120,11918000.00,2000-06-09,GERENCIA DE SERVICIOS A USUARIOS
02SON404103/09ATGC00,AGRÍCOLA,"ASOCIACIÓN DE USUARIOS PRODUCTORES AGRÍCOLAS DEL  MÓDULO DE RIEGO 06,  A.C.",103113000.00,1,89198000.00,120,13915000.00,2000-06-09,GERENCIA DE SERVICIOS A USUARIOS
02SON404134/09ATGC00,AGRÍCOLA,"ASOCIACIÓN DE USUARIOS PRODUCTORES AGRÍCOLAS DEL MÓDULO DE RIEGO  NÚMERO 10, A.C.",91889000.00,1,79488000.00,120,12401000.00,2000-06-09,GERENCIA DE SERVICIOS A USUARIOS
02SON404136/09ATGC00,AGRÍCOLA,"ASOCIACIÓN DE USUARIOS PRODUCTORES AGRÍCOLAS DEL  MÓDULO DE RIEGO NÚMERO 11,  A.C.",112654000.00,1,97451000.00,120,15203000.00,2000-06-09,GERENCIA DE SERVICIOS A USUARIOS
07ZAC403406/36ATGC21,AGRÍCOLA,"PRESA EL CAZADERO, A.C.",18100000.00,1,18100000.00,0,0.00,1999-12-28,GERENCIA DE SERVICIOS A USUARIOS
13HGO400301/26ATDL21,AGRÍCOLA,"ORGANIZACION PRODUCTORA AGRICOLA Y GANADERA DE LAS AGUAS PARA RIEGO, A.C.",157291850.00,1,157291850.00,0,0.00,2004-10-08,DIRECCIÓN LOCAL HIDALGO
13HGO400304/26ATDL21,AGRÍCOLA,"USUARIOS DE RIEGO DEL SISTEMA ENDHÓ - XOCHITLÁN, A.C.",62247692.00,1,62247692.00,0,0.00,2004-10-08,DIRECCIÓN LOCAL HIDALGO
13HGO400305/26ATDL21,AGRÍCOLA,"USUARIOS Y PRODUCTORES UNIDAD TEPATEPEC, A.C.",94857361.00,1,94857361.00,0,0.00,2004-10-08,DIRECCIÓN LOCAL HIDALGO
13HGO410002/26ATDL21,AGRÍCOLA,"ZONA DE RIEGO TASQUILLO, A.C.",40700000.00,1,40700000.00,0,0.00,2000-09-21,DIRECCIÓN LOCAL HIDALGO
13HGO410004/26ATDL21,AGRÍCOLA,"USUARIOS CANAL ALTO IXMIQUILPAN, A.C.",75900000.00,1,75900000.00,0,0.00,2002-05-14,DIRECCIÓN LOCAL HIDALGO
